dataset,input,class,freq_hz,mean_db
A,mixture,1960s,0.0,-61.68
A,mixture,1960s,93.8,-40.039
A,mixture,1960s,187.5,-44.821
A,mixture,1960s,281.2,-45.437
A,mixture,1960s,375.0,-47.181
A,mixture,1960s,468.8,-47.12
A,mixture,1960s,562.5,-48.061
A,mixture,1960s,656.2,-47.824
A,mixture,1960s,750.0,-50.147
A,mixture,1960s,843.8,-50.597
A,mixture,1960s,937.5,-50.581
A,mixture,1960s,1031.2,-52.014
A,mixture,1960s,1125.0,-52.88
A,mixture,1960s,1218.8,-52.81
A,mixture,1960s,1312.5,-52.283
A,mixture,1960s,1406.2,-51.811
A,mixture,1960s,1500.0,-54.774
A,mixture,1960s,1593.8,-53.761
A,mixture,1960s,1687.5,-55.168
A,mixture,1960s,1781.2,-54.475
A,mixture,1960s,1875.0,-54.227
A,mixture,1960s,1968.8,-55.396
A,mixture,1960s,2062.5,-57.019
A,mixture,1960s,2156.2,-57.11
A,mixture,1960s,2250.0,-58.531
A,mixture,1960s,2343.8,-57.534
A,mixture,1960s,2437.5,-58.043
A,mixture,1960s,2531.2,-58.547
A,mixture,1960s,2625.0,-58.799
A,mixture,1960s,2718.8,-59.806
A,mixture,1960s,2812.5,-58.612
A,mixture,1960s,2906.2,-59.723
A,mixture,1960s,3000.0,-60.547
A,mixture,1960s,3093.8,-60.68
A,mixture,1960s,3187.5,-59.893
A,mixture,1960s,3281.2,-60.832
A,mixture,1960s,3375.0,-61.573
A,mixture,1960s,3468.8,-61.642
A,mixture,1960s,3562.5,-61.946
A,mixture,1960s,3656.2,-62.815
A,mixture,1960s,3750.0,-63.024
A,mixture,1960s,3843.8,-64.171
A,mixture,1960s,3937.5,-64.14
A,mixture,1960s,4031.2,-65.591
A,mixture,1960s,4125.0,-65.904
A,mixture,1960s,4218.8,-65.645
A,mixture,1960s,4312.5,-66.697
A,mixture,1960s,4406.2,-66.643
A,mixture,1960s,4500.0,-67.825
A,mixture,1960s,4593.8,-67.933
A,mixture,1960s,4687.5,-68.291
A,mixture,1960s,4781.2,-68.95
A,mixture,1960s,4875.0,-68.738
A,mixture,1960s,4968.8,-69.066
A,mixture,1960s,5062.5,-69.761
A,mixture,1960s,5156.2,-69.152
A,mixture,1960s,5250.0,-69.875
A,mixture,1960s,5343.8,-70.315
A,mixture,1960s,5437.5,-71.004
A,mixture,1960s,5531.2,-70.366
A,mixture,1960s,5625.0,-70.061
A,mixture,1960s,5718.8,-70.786
A,mixture,1960s,5812.5,-71.002
A,mixture,1960s,5906.2,-71.0
A,mixture,1960s,6000.0,-71.564
A,mixture,1960s,6093.8,-71.566
A,mixture,1960s,6187.5,-71.597
A,mixture,1960s,6281.2,-71.345
A,mixture,1960s,6375.0,-71.728
A,mixture,1960s,6468.8,-72.144
A,mixture,1960s,6562.5,-72.407
A,mixture,1960s,6656.2,-72.564
A,mixture,1960s,6750.0,-72.827
A,mixture,1960s,6843.8,-72.898
A,mixture,1960s,6937.5,-72.324
A,mixture,1960s,7031.2,-72.666
A,mixture,1960s,7125.0,-73.407
A,mixture,1960s,7218.8,-73.794
A,mixture,1960s,7312.5,-73.786
A,mixture,1960s,7406.2,-74.112
A,mixture,1960s,7500.0,-74.272
A,mixture,1960s,7593.8,-74.425
A,mixture,1960s,7687.5,-74.771
A,mixture,1960s,7781.2,-74.593
A,mixture,1960s,7875.0,-74.965
A,mixture,1960s,7968.8,-75.104
A,mixture,1960s,8062.5,-75.515
A,mixture,1960s,8156.2,-75.746
A,mixture,1960s,8250.0,-75.863
A,mixture,1960s,8343.8,-76.126
A,mixture,1960s,8437.5,-76.237
A,mixture,1960s,8531.2,-76.62
A,mixture,1960s,8625.0,-76.825
A,mixture,1960s,8718.8,-77.111
A,mixture,1960s,8812.5,-77.009
A,mixture,1960s,8906.2,-77.876
A,mixture,1960s,9000.0,-78.147
A,mixture,1960s,9093.8,-78.216
A,mixture,1960s,9187.5,-78.039
A,mixture,1960s,9281.2,-78.193
A,mixture,1960s,9375.0,-78.364
A,mixture,1960s,9468.8,-78.655
A,mixture,1960s,9562.5,-79.774
A,mixture,1960s,9656.2,-79.807
A,mixture,1960s,9750.0,-79.644
A,mixture,1960s,9843.8,-80.014
A,mixture,1960s,9937.5,-80.143
A,mixture,1960s,10031.2,-80.313
A,mixture,1960s,10125.0,-81.006
A,mixture,1960s,10218.8,-81.291
A,mixture,1960s,10312.5,-81.803
A,mixture,1960s,10406.2,-81.836
A,mixture,1960s,10500.0,-82.183
A,mixture,1960s,10593.8,-82.684
A,mixture,1960s,10687.5,-83.421
A,mixture,1960s,10781.2,-83.768
A,mixture,1960s,10875.0,-84.178
A,mixture,1960s,10968.8,-85.199
A,mixture,1960s,11062.5,-86.6
A,mixture,1960s,11156.2,-87.15
A,mixture,1960s,11250.0,-88.127
A,mixture,1960s,11343.8,-90.07
A,mixture,1960s,11437.5,-91.614
A,mixture,1960s,11531.2,-93.327
A,mixture,1960s,11625.0,-94.787
A,mixture,1960s,11718.8,-95.976
A,mixture,1960s,11812.5,-97.308
A,mixture,1960s,11906.2,-98.725
A,mixture,1960s,12000.0,-103.26
A,vocals,1960s,0.0,-78.784
A,vocals,1960s,93.8,-79.159
A,vocals,1960s,187.5,-66.707
A,vocals,1960s,281.2,-60.65
A,vocals,1960s,375.0,-61.645
A,vocals,1960s,468.8,-60.861
A,vocals,1960s,562.5,-61.027
A,vocals,1960s,656.2,-61.251
A,vocals,1960s,750.0,-62.643
A,vocals,1960s,843.8,-63.501
A,vocals,1960s,937.5,-62.836
A,vocals,1960s,1031.2,-64.572
A,vocals,1960s,1125.0,-65.218
A,vocals,1960s,1218.8,-63.968
A,vocals,1960s,1312.5,-64.953
A,vocals,1960s,1406.2,-64.712
A,vocals,1960s,1500.0,-66.839
A,vocals,1960s,1593.8,-65.803
A,vocals,1960s,1687.5,-67.17
A,vocals,1960s,1781.2,-67.045
A,vocals,1960s,1875.0,-67.5
A,vocals,1960s,1968.8,-67.942
A,vocals,1960s,2062.5,-70.04
A,vocals,1960s,2156.2,-69.56
A,vocals,1960s,2250.0,-70.731
A,vocals,1960s,2343.8,-69.341
A,vocals,1960s,2437.5,-69.765
A,vocals,1960s,2531.2,-71.387
A,vocals,1960s,2625.0,-70.767
A,vocals,1960s,2718.8,-70.654
A,vocals,1960s,2812.5,-70.977
A,vocals,1960s,2906.2,-71.019
A,vocals,1960s,3000.0,-70.83
A,vocals,1960s,3093.8,-70.475
A,vocals,1960s,3187.5,-71.283
A,vocals,1960s,3281.2,-72.013
A,vocals,1960s,3375.0,-72.119
A,vocals,1960s,3468.8,-72.221
A,vocals,1960s,3562.5,-73.697
A,vocals,1960s,3656.2,-74.379
A,vocals,1960s,3750.0,-75.02
A,vocals,1960s,3843.8,-76.026
A,vocals,1960s,3937.5,-76.085
A,vocals,1960s,4031.2,-76.927
A,vocals,1960s,4125.0,-77.437
A,vocals,1960s,4218.8,-78.244
A,vocals,1960s,4312.5,-79.179
A,vocals,1960s,4406.2,-79.825
A,vocals,1960s,4500.0,-80.553
A,vocals,1960s,4593.8,-81.054
A,vocals,1960s,4687.5,-80.973
A,vocals,1960s,4781.2,-81.829
A,vocals,1960s,4875.0,-81.66
A,vocals,1960s,4968.8,-82.096
A,vocals,1960s,5062.5,-82.713
A,vocals,1960s,5156.2,-82.67
A,vocals,1960s,5250.0,-82.514
A,vocals,1960s,5343.8,-83.289
A,vocals,1960s,5437.5,-83.117
A,vocals,1960s,5531.2,-83.184
A,vocals,1960s,5625.0,-83.778
A,vocals,1960s,5718.8,-84.057
A,vocals,1960s,5812.5,-83.611
A,vocals,1960s,5906.2,-83.401
A,vocals,1960s,6000.0,-83.772
A,vocals,1960s,6093.8,-84.039
A,vocals,1960s,6187.5,-83.946
A,vocals,1960s,6281.2,-83.668
A,vocals,1960s,6375.0,-84.14
A,vocals,1960s,6468.8,-84.405
A,vocals,1960s,6562.5,-84.517
A,vocals,1960s,6656.2,-84.526
A,vocals,1960s,6750.0,-84.778
A,vocals,1960s,6843.8,-84.743
A,vocals,1960s,6937.5,-84.3
A,vocals,1960s,7031.2,-84.49
A,vocals,1960s,7125.0,-84.781
A,vocals,1960s,7218.8,-85.356
A,vocals,1960s,7312.5,-85.449
A,vocals,1960s,7406.2,-85.439
A,vocals,1960s,7500.0,-85.34
A,vocals,1960s,7593.8,-85.583
A,vocals,1960s,7687.5,-86.389
A,vocals,1960s,7781.2,-86.663
A,vocals,1960s,7875.0,-86.272
A,vocals,1960s,7968.8,-86.471
A,vocals,1960s,8062.5,-86.696
A,vocals,1960s,8156.2,-87.37
A,vocals,1960s,8250.0,-87.496
A,vocals,1960s,8343.8,-87.63
A,vocals,1960s,8437.5,-88.193
A,vocals,1960s,8531.2,-88.385
A,vocals,1960s,8625.0,-88.544
A,vocals,1960s,8718.8,-89.078
A,vocals,1960s,8812.5,-88.781
A,vocals,1960s,8906.2,-89.337
A,vocals,1960s,9000.0,-89.424
A,vocals,1960s,9093.8,-89.574
A,vocals,1960s,9187.5,-90.13
A,vocals,1960s,9281.2,-90.087
A,vocals,1960s,9375.0,-90.957
A,vocals,1960s,9468.8,-90.969
A,vocals,1960s,9562.5,-91.327
A,vocals,1960s,9656.2,-91.978
A,vocals,1960s,9750.0,-92.309
A,vocals,1960s,9843.8,-92.826
A,vocals,1960s,9937.5,-92.863
A,vocals,1960s,10031.2,-93.558
A,vocals,1960s,10125.0,-94.288
A,vocals,1960s,10218.8,-94.153
A,vocals,1960s,10312.5,-95.137
A,vocals,1960s,10406.2,-96.116
A,vocals,1960s,10500.0,-96.948
A,vocals,1960s,10593.8,-97.229
A,vocals,1960s,10687.5,-97.939
A,vocals,1960s,10781.2,-98.055
A,vocals,1960s,10875.0,-99.259
A,vocals,1960s,10968.8,-100.075
A,vocals,1960s,11062.5,-101.513
A,vocals,1960s,11156.2,-101.644
A,vocals,1960s,11250.0,-103.117
A,vocals,1960s,11343.8,-104.137
A,vocals,1960s,11437.5,-105.775
A,vocals,1960s,11531.2,-107.255
A,vocals,1960s,11625.0,-108.587
A,vocals,1960s,11718.8,-109.504
A,vocals,1960s,11812.5,-110.409
A,vocals,1960s,11906.2,-111.742
A,vocals,1960s,12000.0,-114.018
A,drums,1960s,0.0,-77.169
A,drums,1960s,93.8,-62.076
A,drums,1960s,187.5,-60.236
A,drums,1960s,281.2,-65.626
A,drums,1960s,375.0,-67.045
A,drums,1960s,468.8,-69.511
A,drums,1960s,562.5,-69.982
A,drums,1960s,656.2,-72.423
A,drums,1960s,750.0,-72.975
A,drums,1960s,843.8,-73.031
A,drums,1960s,937.5,-75.198
A,drums,1960s,1031.2,-75.488
A,drums,1960s,1125.0,-75.846
A,drums,1960s,1218.8,-76.18
A,drums,1960s,1312.5,-76.899
A,drums,1960s,1406.2,-77.162
A,drums,1960s,1500.0,-76.615
A,drums,1960s,1593.8,-76.503
A,drums,1960s,1687.5,-76.61
A,drums,1960s,1781.2,-76.729
A,drums,1960s,1875.0,-77.449
A,drums,1960s,1968.8,-78.281
A,drums,1960s,2062.5,-77.558
A,drums,1960s,2156.2,-77.378
A,drums,1960s,2250.0,-77.913
A,drums,1960s,2343.8,-78.513
A,drums,1960s,2437.5,-78.366
A,drums,1960s,2531.2,-77.554
A,drums,1960s,2625.0,-78.034
A,drums,1960s,2718.8,-78.252
A,drums,1960s,2812.5,-78.179
A,drums,1960s,2906.2,-77.906
A,drums,1960s,3000.0,-78.543
A,drums,1960s,3093.8,-78.337
A,drums,1960s,3187.5,-77.401
A,drums,1960s,3281.2,-77.751
A,drums,1960s,3375.0,-77.141
A,drums,1960s,3468.8,-77.818
A,drums,1960s,3562.5,-76.699
A,drums,1960s,3656.2,-76.767
A,drums,1960s,3750.0,-77.008
A,drums,1960s,3843.8,-76.586
A,drums,1960s,3937.5,-77.763
A,drums,1960s,4031.2,-76.891
A,drums,1960s,4125.0,-76.784
A,drums,1960s,4218.8,-76.941
A,drums,1960s,4312.5,-76.881
A,drums,1960s,4406.2,-76.115
A,drums,1960s,4500.0,-77.467
A,drums,1960s,4593.8,-77.383
A,drums,1960s,4687.5,-78.085
A,drums,1960s,4781.2,-77.482
A,drums,1960s,4875.0,-77.795
A,drums,1960s,4968.8,-78.296
A,drums,1960s,5062.5,-78.147
A,drums,1960s,5156.2,-77.868
A,drums,1960s,5250.0,-79.067
A,drums,1960s,5343.8,-78.614
A,drums,1960s,5437.5,-79.276
A,drums,1960s,5531.2,-78.425
A,drums,1960s,5625.0,-78.9
A,drums,1960s,5718.8,-78.924
A,drums,1960s,5812.5,-79.096
A,drums,1960s,5906.2,-79.041
A,drums,1960s,6000.0,-79.42
A,drums,1960s,6093.8,-79.538
A,drums,1960s,6187.5,-79.317
A,drums,1960s,6281.2,-80.221
A,drums,1960s,6375.0,-80.312
A,drums,1960s,6468.8,-80.261
A,drums,1960s,6562.5,-80.502
A,drums,1960s,6656.2,-80.646
A,drums,1960s,6750.0,-80.836
A,drums,1960s,6843.8,-81.518
A,drums,1960s,6937.5,-81.656
A,drums,1960s,7031.2,-81.892
A,drums,1960s,7125.0,-82.116
A,drums,1960s,7218.8,-82.593
A,drums,1960s,7312.5,-82.424
A,drums,1960s,7406.2,-82.547
A,drums,1960s,7500.0,-83.177
A,drums,1960s,7593.8,-83.089
A,drums,1960s,7687.5,-83.216
A,drums,1960s,7781.2,-83.053
A,drums,1960s,7875.0,-83.476
A,drums,1960s,7968.8,-83.539
A,drums,1960s,8062.5,-83.62
A,drums,1960s,8156.2,-83.615
A,drums,1960s,8250.0,-83.601
A,drums,1960s,8343.8,-84.406
A,drums,1960s,8437.5,-84.474
A,drums,1960s,8531.2,-84.065
A,drums,1960s,8625.0,-84.399
A,drums,1960s,8718.8,-85.005
A,drums,1960s,8812.5,-84.908
A,drums,1960s,8906.2,-86.044
A,drums,1960s,9000.0,-86.581
A,drums,1960s,9093.8,-86.302
A,drums,1960s,9187.5,-86.331
A,drums,1960s,9281.2,-86.532
A,drums,1960s,9375.0,-86.624
A,drums,1960s,9468.8,-87.498
A,drums,1960s,9562.5,-87.981
A,drums,1960s,9656.2,-88.053
A,drums,1960s,9750.0,-88.424
A,drums,1960s,9843.8,-89.186
A,drums,1960s,9937.5,-89.489
A,drums,1960s,10031.2,-89.486
A,drums,1960s,10125.0,-90.409
A,drums,1960s,10218.8,-91.039
A,drums,1960s,10312.5,-91.324
A,drums,1960s,10406.2,-91.773
A,drums,1960s,10500.0,-92.449
A,drums,1960s,10593.8,-93.334
A,drums,1960s,10687.5,-93.827
A,drums,1960s,10781.2,-94.857
A,drums,1960s,10875.0,-95.657
A,drums,1960s,10968.8,-97.491
A,drums,1960s,11062.5,-98.98
A,drums,1960s,11156.2,-99.544
A,drums,1960s,11250.0,-100.94
A,drums,1960s,11343.8,-103.095
A,drums,1960s,11437.5,-104.31
A,drums,1960s,11531.2,-106.257
A,drums,1960s,11625.0,-107.25
A,drums,1960s,11718.8,-108.312
A,drums,1960s,11812.5,-109.235
A,drums,1960s,11906.2,-110.468
A,drums,1960s,12000.0,-113.747
A,bass,1960s,0.0,-65.799
A,bass,1960s,93.8,-43.312
A,bass,1960s,187.5,-54.34
A,bass,1960s,281.2,-62.958
A,bass,1960s,375.0,-70.31
A,bass,1960s,468.8,-73.532
A,bass,1960s,562.5,-77.622
A,bass,1960s,656.2,-79.779
A,bass,1960s,750.0,-83.232
A,bass,1960s,843.8,-84.258
A,bass,1960s,937.5,-85.535
A,bass,1960s,1031.2,-87.435
A,bass,1960s,1125.0,-88.645
A,bass,1960s,1218.8,-89.954
A,bass,1960s,1312.5,-90.251
A,bass,1960s,1406.2,-90.364
A,bass,1960s,1500.0,-91.589
A,bass,1960s,1593.8,-91.517
A,bass,1960s,1687.5,-92.788
A,bass,1960s,1781.2,-93.268
A,bass,1960s,1875.0,-93.274
A,bass,1960s,1968.8,-93.816
A,bass,1960s,2062.5,-93.515
A,bass,1960s,2156.2,-94.728
A,bass,1960s,2250.0,-96.283
A,bass,1960s,2343.8,-96.715
A,bass,1960s,2437.5,-96.398
A,bass,1960s,2531.2,-96.09
A,bass,1960s,2625.0,-97.082
A,bass,1960s,2718.8,-98.082
A,bass,1960s,2812.5,-97.292
A,bass,1960s,2906.2,-98.217
A,bass,1960s,3000.0,-98.676
A,bass,1960s,3093.8,-98.831
A,bass,1960s,3187.5,-98.428
A,bass,1960s,3281.2,-99.461
A,bass,1960s,3375.0,-100.481
A,bass,1960s,3468.8,-100.419
A,bass,1960s,3562.5,-100.012
A,bass,1960s,3656.2,-99.877
A,bass,1960s,3750.0,-100.972
A,bass,1960s,3843.8,-102.003
A,bass,1960s,3937.5,-101.782
A,bass,1960s,4031.2,-102.776
A,bass,1960s,4125.0,-102.229
A,bass,1960s,4218.8,-102.714
A,bass,1960s,4312.5,-104.281
A,bass,1960s,4406.2,-104.447
A,bass,1960s,4500.0,-104.671
A,bass,1960s,4593.8,-104.824
A,bass,1960s,4687.5,-105.06
A,bass,1960s,4781.2,-105.84
A,bass,1960s,4875.0,-106.546
A,bass,1960s,4968.8,-106.552
A,bass,1960s,5062.5,-106.904
A,bass,1960s,5156.2,-105.701
A,bass,1960s,5250.0,-106.058
A,bass,1960s,5343.8,-106.942
A,bass,1960s,5437.5,-108.109
A,bass,1960s,5531.2,-108.261
A,bass,1960s,5625.0,-108.078
A,bass,1960s,5718.8,-107.307
A,bass,1960s,5812.5,-107.887
A,bass,1960s,5906.2,-107.915
A,bass,1960s,6000.0,-109.202
A,bass,1960s,6093.8,-109.06
A,bass,1960s,6187.5,-109.1
A,bass,1960s,6281.2,-108.682
A,bass,1960s,6375.0,-108.833
A,bass,1960s,6468.8,-109.966
A,bass,1960s,6562.5,-109.581
A,bass,1960s,6656.2,-109.582
A,bass,1960s,6750.0,-109.286
A,bass,1960s,6843.8,-109.489
A,bass,1960s,6937.5,-110.175
A,bass,1960s,7031.2,-110.201
A,bass,1960s,7125.0,-110.757
A,bass,1960s,7218.8,-110.547
A,bass,1960s,7312.5,-110.464
A,bass,1960s,7406.2,-110.822
A,bass,1960s,7500.0,-111.591
A,bass,1960s,7593.8,-111.294
A,bass,1960s,7687.5,-111.358
A,bass,1960s,7781.2,-110.7
A,bass,1960s,7875.0,-110.833
A,bass,1960s,7968.8,-110.509
A,bass,1960s,8062.5,-110.891
A,bass,1960s,8156.2,-110.871
A,bass,1960s,8250.0,-111.471
A,bass,1960s,8343.8,-110.516
A,bass,1960s,8437.5,-110.759
A,bass,1960s,8531.2,-112.225
A,bass,1960s,8625.0,-112.82
A,bass,1960s,8718.8,-113.281
A,bass,1960s,8812.5,-112.276
A,bass,1960s,8906.2,-112.605
A,bass,1960s,9000.0,-112.881
A,bass,1960s,9093.8,-113.082
A,bass,1960s,9187.5,-113.524
A,bass,1960s,9281.2,-112.973
A,bass,1960s,9375.0,-112.843
A,bass,1960s,9468.8,-112.677
A,bass,1960s,9562.5,-112.611
A,bass,1960s,9656.2,-109.971
A,bass,1960s,9750.0,-113.409
A,bass,1960s,9843.8,-113.301
A,bass,1960s,9937.5,-113.456
A,bass,1960s,10031.2,-113.638
A,bass,1960s,10125.0,-114.617
A,bass,1960s,10218.8,-115.03
A,bass,1960s,10312.5,-115.377
A,bass,1960s,10406.2,-114.825
A,bass,1960s,10500.0,-114.929
A,bass,1960s,10593.8,-115.374
A,bass,1960s,10687.5,-115.652
A,bass,1960s,10781.2,-115.416
A,bass,1960s,10875.0,-115.181
A,bass,1960s,10968.8,-115.497
A,bass,1960s,11062.5,-116.466
A,bass,1960s,11156.2,-116.139
A,bass,1960s,11250.0,-116.54
A,bass,1960s,11343.8,-117.181
A,bass,1960s,11437.5,-117.154
A,bass,1960s,11531.2,-117.294
A,bass,1960s,11625.0,-117.699
A,bass,1960s,11718.8,-117.12
A,bass,1960s,11812.5,-117.873
A,bass,1960s,11906.2,-117.94
A,bass,1960s,12000.0,-118.783
A,other,1960s,0.0,-74.056
A,other,1960s,93.8,-57.955
A,other,1960s,187.5,-54.067
A,other,1960s,281.2,-52.403
A,other,1960s,375.0,-54.522
A,other,1960s,468.8,-55.269
A,other,1960s,562.5,-57.679
A,other,1960s,656.2,-56.486
A,other,1960s,750.0,-60.457
A,other,1960s,843.8,-61.516
A,other,1960s,937.5,-60.335
A,other,1960s,1031.2,-62.469
A,other,1960s,1125.0,-62.63
A,other,1960s,1218.8,-63.68
A,other,1960s,1312.5,-60.781
A,other,1960s,1406.2,-61.231
A,other,1960s,1500.0,-64.98
A,other,1960s,1593.8,-64.431
A,other,1960s,1687.5,-65.07
A,other,1960s,1781.2,-63.261
A,other,1960s,1875.0,-62.529
A,other,1960s,1968.8,-63.364
A,other,1960s,2062.5,-65.769
A,other,1960s,2156.2,-66.445
A,other,1960s,2250.0,-67.251
A,other,1960s,2343.8,-65.727
A,other,1960s,2437.5,-68.313
A,other,1960s,2531.2,-68.491
A,other,1960s,2625.0,-67.981
A,other,1960s,2718.8,-70.781
A,other,1960s,2812.5,-67.691
A,other,1960s,2906.2,-70.601
A,other,1960s,3000.0,-70.88
A,other,1960s,3093.8,-71.559
A,other,1960s,3187.5,-70.945
A,other,1960s,3281.2,-71.6
A,other,1960s,3375.0,-72.914
A,other,1960s,3468.8,-72.949
A,other,1960s,3562.5,-72.343
A,other,1960s,3656.2,-73.129
A,other,1960s,3750.0,-73.014
A,other,1960s,3843.8,-76.019
A,other,1960s,3937.5,-73.763
A,other,1960s,4031.2,-77.069
A,other,1960s,4125.0,-76.439
A,other,1960s,4218.8,-75.415
A,other,1960s,4312.5,-77.455
A,other,1960s,4406.2,-77.352
A,other,1960s,4500.0,-78.945
A,other,1960s,4593.8,-79.268
A,other,1960s,4687.5,-78.108
A,other,1960s,4781.2,-79.497
A,other,1960s,4875.0,-80.055
A,other,1960s,4968.8,-78.854
A,other,1960s,5062.5,-81.746
A,other,1960s,5156.2,-79.834
A,other,1960s,5250.0,-81.363
A,other,1960s,5343.8,-82.668
A,other,1960s,5437.5,-84.713
A,other,1960s,5531.2,-83.627
A,other,1960s,5625.0,-82.648
A,other,1960s,5718.8,-83.614
A,other,1960s,5812.5,-85.076
A,other,1960s,5906.2,-83.331
A,other,1960s,6000.0,-85.623
A,other,1960s,6093.8,-87.203
A,other,1960s,6187.5,-86.436
A,other,1960s,6281.2,-85.142
A,other,1960s,6375.0,-85.897
A,other,1960s,6468.8,-87.574
A,other,1960s,6562.5,-87.643
A,other,1960s,6656.2,-87.264
A,other,1960s,6750.0,-88.256
A,other,1960s,6843.8,-88.214
A,other,1960s,6937.5,-87.689
A,other,1960s,7031.2,-87.479
A,other,1960s,7125.0,-89.61
A,other,1960s,7218.8,-90.846
A,other,1960s,7312.5,-90.108
A,other,1960s,7406.2,-89.472
A,other,1960s,7500.0,-89.806
A,other,1960s,7593.8,-90.419
A,other,1960s,7687.5,-90.641
A,other,1960s,7781.2,-89.934
A,other,1960s,7875.0,-90.431
A,other,1960s,7968.8,-90.817
A,other,1960s,8062.5,-92.483
A,other,1960s,8156.2,-91.459
A,other,1960s,8250.0,-92.615
A,other,1960s,8343.8,-91.214
A,other,1960s,8437.5,-91.788
A,other,1960s,8531.2,-93.428
A,other,1960s,8625.0,-92.572
A,other,1960s,8718.8,-93.269
A,other,1960s,8812.5,-92.728
A,other,1960s,8906.2,-92.825
A,other,1960s,9000.0,-94.035
A,other,1960s,9093.8,-95.021
A,other,1960s,9187.5,-94.43
A,other,1960s,9281.2,-93.961
A,other,1960s,9375.0,-95.164
A,other,1960s,9468.8,-95.696
A,other,1960s,9562.5,-97.884
A,other,1960s,9656.2,-97.124
A,other,1960s,9750.0,-98.08
A,other,1960s,9843.8,-97.096
A,other,1960s,9937.5,-97.197
A,other,1960s,10031.2,-98.157
A,other,1960s,10125.0,-99.382
A,other,1960s,10218.8,-99.404
A,other,1960s,10312.5,-99.919
A,other,1960s,10406.2,-100.869
A,other,1960s,10500.0,-100.505
A,other,1960s,10593.8,-101.698
A,other,1960s,10687.5,-103.512
A,other,1960s,10781.2,-103.563
A,other,1960s,10875.0,-103.767
A,other,1960s,10968.8,-104.887
A,other,1960s,11062.5,-106.435
A,other,1960s,11156.2,-107.762
A,other,1960s,11250.0,-107.253
A,other,1960s,11343.8,-110.227
A,other,1960s,11437.5,-111.402
A,other,1960s,11531.2,-112.491
A,other,1960s,11625.0,-113.251
A,other,1960s,11718.8,-113.814
A,other,1960s,11812.5,-114.762
A,other,1960s,11906.2,-114.896
A,other,1960s,12000.0,-116.881
A,mixture,1970s,0.0,-63.441
A,mixture,1970s,93.8,-43.753
A,mixture,1970s,187.5,-45.977
A,mixture,1970s,281.2,-49.04
A,mixture,1970s,375.0,-49.51
A,mixture,1970s,468.8,-51.743
A,mixture,1970s,562.5,-51.605
A,mixture,1970s,656.2,-49.438
A,mixture,1970s,750.0,-53.719
A,mixture,1970s,843.8,-54.503
A,mixture,1970s,937.5,-55.607
A,mixture,1970s,1031.2,-55.791
A,mixture,1970s,1125.0,-57.215
A,mixture,1970s,1218.8,-57.653
A,mixture,1970s,1312.5,-55.195
A,mixture,1970s,1406.2,-57.746
A,mixture,1970s,1500.0,-59.139
A,mixture,1970s,1593.8,-58.321
A,mixture,1970s,1687.5,-60.266
A,mixture,1970s,1781.2,-57.876
A,mixture,1970s,1875.0,-61.183
A,mixture,1970s,1968.8,-58.363
A,mixture,1970s,2062.5,-61.253
A,mixture,1970s,2156.2,-62.0
A,mixture,1970s,2250.0,-62.272
A,mixture,1970s,2343.8,-59.865
A,mixture,1970s,2437.5,-62.404
A,mixture,1970s,2531.2,-63.436
A,mixture,1970s,2625.0,-61.652
A,mixture,1970s,2718.8,-63.501
A,mixture,1970s,2812.5,-63.329
A,mixture,1970s,2906.2,-65.059
A,mixture,1970s,3000.0,-65.522
A,mixture,1970s,3093.8,-64.892
A,mixture,1970s,3187.5,-64.992
A,mixture,1970s,3281.2,-65.131
A,mixture,1970s,3375.0,-66.124
A,mixture,1970s,3468.8,-65.811
A,mixture,1970s,3562.5,-64.774
A,mixture,1970s,3656.2,-65.938
A,mixture,1970s,3750.0,-67.138
A,mixture,1970s,3843.8,-68.405
A,mixture,1970s,3937.5,-66.916
A,mixture,1970s,4031.2,-69.248
A,mixture,1970s,4125.0,-69.704
A,mixture,1970s,4218.8,-69.466
A,mixture,1970s,4312.5,-70.416
A,mixture,1970s,4406.2,-70.25
A,mixture,1970s,4500.0,-71.67
A,mixture,1970s,4593.8,-72.165
A,mixture,1970s,4687.5,-70.619
A,mixture,1970s,4781.2,-72.136
A,mixture,1970s,4875.0,-72.528
A,mixture,1970s,4968.8,-72.247
A,mixture,1970s,5062.5,-72.658
A,mixture,1970s,5156.2,-73.176
A,mixture,1970s,5250.0,-72.54
A,mixture,1970s,5343.8,-73.101
A,mixture,1970s,5437.5,-74.031
A,mixture,1970s,5531.2,-73.521
A,mixture,1970s,5625.0,-73.486
A,mixture,1970s,5718.8,-74.118
A,mixture,1970s,5812.5,-74.802
A,mixture,1970s,5906.2,-74.722
A,mixture,1970s,6000.0,-75.3
A,mixture,1970s,6093.8,-75.577
A,mixture,1970s,6187.5,-75.171
A,mixture,1970s,6281.2,-75.085
A,mixture,1970s,6375.0,-75.377
A,mixture,1970s,6468.8,-75.819
A,mixture,1970s,6562.5,-75.831
A,mixture,1970s,6656.2,-76.246
A,mixture,1970s,6750.0,-76.973
A,mixture,1970s,6843.8,-76.817
A,mixture,1970s,6937.5,-76.759
A,mixture,1970s,7031.2,-76.867
A,mixture,1970s,7125.0,-77.306
A,mixture,1970s,7218.8,-77.735
A,mixture,1970s,7312.5,-78.04
A,mixture,1970s,7406.2,-77.952
A,mixture,1970s,7500.0,-78.28
A,mixture,1970s,7593.8,-78.183
A,mixture,1970s,7687.5,-78.719
A,mixture,1970s,7781.2,-79.0
A,mixture,1970s,7875.0,-78.702
A,mixture,1970s,7968.8,-78.869
A,mixture,1970s,8062.5,-80.079
A,mixture,1970s,8156.2,-79.981
A,mixture,1970s,8250.0,-80.394
A,mixture,1970s,8343.8,-80.51
A,mixture,1970s,8437.5,-80.915
A,mixture,1970s,8531.2,-81.084
A,mixture,1970s,8625.0,-80.765
A,mixture,1970s,8718.8,-80.95
A,mixture,1970s,8812.5,-81.098
A,mixture,1970s,8906.2,-81.209
A,mixture,1970s,9000.0,-81.66
A,mixture,1970s,9093.8,-81.818
A,mixture,1970s,9187.5,-81.932
A,mixture,1970s,9281.2,-82.189
A,mixture,1970s,9375.0,-81.97
A,mixture,1970s,9468.8,-82.339
A,mixture,1970s,9562.5,-82.272
A,mixture,1970s,9656.2,-82.514
A,mixture,1970s,9750.0,-83.112
A,mixture,1970s,9843.8,-83.118
A,mixture,1970s,9937.5,-83.48
A,mixture,1970s,10031.2,-84.096
A,mixture,1970s,10125.0,-83.71
A,mixture,1970s,10218.8,-84.508
A,mixture,1970s,10312.5,-84.729
A,mixture,1970s,10406.2,-85.068
A,mixture,1970s,10500.0,-85.366
A,mixture,1970s,10593.8,-85.909
A,mixture,1970s,10687.5,-86.723
A,mixture,1970s,10781.2,-87.625
A,mixture,1970s,10875.0,-88.177
A,mixture,1970s,10968.8,-88.361
A,mixture,1970s,11062.5,-89.544
A,mixture,1970s,11156.2,-90.659
A,mixture,1970s,11250.0,-91.775
A,mixture,1970s,11343.8,-92.919
A,mixture,1970s,11437.5,-94.47
A,mixture,1970s,11531.2,-96.213
A,mixture,1970s,11625.0,-97.712
A,mixture,1970s,11718.8,-99.028
A,mixture,1970s,11812.5,-100.358
A,mixture,1970s,11906.2,-102.318
A,mixture,1970s,12000.0,-107.0
A,vocals,1970s,0.0,-81.681
A,vocals,1970s,93.8,-80.015
A,vocals,1970s,187.5,-64.685
A,vocals,1970s,281.2,-61.33
A,vocals,1970s,375.0,-60.895
A,vocals,1970s,468.8,-62.621
A,vocals,1970s,562.5,-61.92
A,vocals,1970s,656.2,-60.052
A,vocals,1970s,750.0,-63.857
A,vocals,1970s,843.8,-65.128
A,vocals,1970s,937.5,-66.354
A,vocals,1970s,1031.2,-66.432
A,vocals,1970s,1125.0,-69.244
A,vocals,1970s,1218.8,-67.779
A,vocals,1970s,1312.5,-67.968
A,vocals,1970s,1406.2,-69.802
A,vocals,1970s,1500.0,-70.078
A,vocals,1970s,1593.8,-69.106
A,vocals,1970s,1687.5,-71.175
A,vocals,1970s,1781.2,-70.222
A,vocals,1970s,1875.0,-72.453
A,vocals,1970s,1968.8,-70.594
A,vocals,1970s,2062.5,-72.561
A,vocals,1970s,2156.2,-72.65
A,vocals,1970s,2250.0,-73.003
A,vocals,1970s,2343.8,-71.808
A,vocals,1970s,2437.5,-73.037
A,vocals,1970s,2531.2,-73.975
A,vocals,1970s,2625.0,-73.355
A,vocals,1970s,2718.8,-73.732
A,vocals,1970s,2812.5,-74.663
A,vocals,1970s,2906.2,-75.725
A,vocals,1970s,3000.0,-76.827
A,vocals,1970s,3093.8,-75.857
A,vocals,1970s,3187.5,-75.78
A,vocals,1970s,3281.2,-75.476
A,vocals,1970s,3375.0,-76.693
A,vocals,1970s,3468.8,-75.991
A,vocals,1970s,3562.5,-75.38
A,vocals,1970s,3656.2,-76.437
A,vocals,1970s,3750.0,-78.723
A,vocals,1970s,3843.8,-79.049
A,vocals,1970s,3937.5,-79.014
A,vocals,1970s,4031.2,-81.039
A,vocals,1970s,4125.0,-81.779
A,vocals,1970s,4218.8,-81.75
A,vocals,1970s,4312.5,-82.508
A,vocals,1970s,4406.2,-83.329
A,vocals,1970s,4500.0,-84.261
A,vocals,1970s,4593.8,-84.008
A,vocals,1970s,4687.5,-84.819
A,vocals,1970s,4781.2,-84.966
A,vocals,1970s,4875.0,-84.843
A,vocals,1970s,4968.8,-84.932
A,vocals,1970s,5062.5,-85.16
A,vocals,1970s,5156.2,-84.984
A,vocals,1970s,5250.0,-85.483
A,vocals,1970s,5343.8,-85.711
A,vocals,1970s,5437.5,-85.913
A,vocals,1970s,5531.2,-85.718
A,vocals,1970s,5625.0,-85.876
A,vocals,1970s,5718.8,-86.087
A,vocals,1970s,5812.5,-86.175
A,vocals,1970s,5906.2,-85.943
A,vocals,1970s,6000.0,-86.738
A,vocals,1970s,6093.8,-86.422
A,vocals,1970s,6187.5,-86.552
A,vocals,1970s,6281.2,-86.24
A,vocals,1970s,6375.0,-87.061
A,vocals,1970s,6468.8,-87.105
A,vocals,1970s,6562.5,-86.745
A,vocals,1970s,6656.2,-86.943
A,vocals,1970s,6750.0,-87.444
A,vocals,1970s,6843.8,-87.366
A,vocals,1970s,6937.5,-87.185
A,vocals,1970s,7031.2,-87.351
A,vocals,1970s,7125.0,-87.658
A,vocals,1970s,7218.8,-87.562
A,vocals,1970s,7312.5,-88.21
A,vocals,1970s,7406.2,-88.062
A,vocals,1970s,7500.0,-87.851
A,vocals,1970s,7593.8,-88.173
A,vocals,1970s,7687.5,-88.684
A,vocals,1970s,7781.2,-88.936
A,vocals,1970s,7875.0,-88.719
A,vocals,1970s,7968.8,-88.849
A,vocals,1970s,8062.5,-89.41
A,vocals,1970s,8156.2,-89.936
A,vocals,1970s,8250.0,-89.71
A,vocals,1970s,8343.8,-89.876
A,vocals,1970s,8437.5,-90.321
A,vocals,1970s,8531.2,-90.766
A,vocals,1970s,8625.0,-90.753
A,vocals,1970s,8718.8,-91.006
A,vocals,1970s,8812.5,-91.146
A,vocals,1970s,8906.2,-91.464
A,vocals,1970s,9000.0,-91.987
A,vocals,1970s,9093.8,-91.797
A,vocals,1970s,9187.5,-92.535
A,vocals,1970s,9281.2,-92.923
A,vocals,1970s,9375.0,-93.356
A,vocals,1970s,9468.8,-93.296
A,vocals,1970s,9562.5,-93.223
A,vocals,1970s,9656.2,-94.214
A,vocals,1970s,9750.0,-94.223
A,vocals,1970s,9843.8,-94.953
A,vocals,1970s,9937.5,-95.367
A,vocals,1970s,10031.2,-96.003
A,vocals,1970s,10125.0,-96.044
A,vocals,1970s,10218.8,-96.555
A,vocals,1970s,10312.5,-97.23
A,vocals,1970s,10406.2,-97.994
A,vocals,1970s,10500.0,-98.462
A,vocals,1970s,10593.8,-99.523
A,vocals,1970s,10687.5,-99.992
A,vocals,1970s,10781.2,-100.672
A,vocals,1970s,10875.0,-101.629
A,vocals,1970s,10968.8,-102.585
A,vocals,1970s,11062.5,-103.808
A,vocals,1970s,11156.2,-104.742
A,vocals,1970s,11250.0,-105.633
A,vocals,1970s,11343.8,-106.976
A,vocals,1970s,11437.5,-108.362
A,vocals,1970s,11531.2,-110.192
A,vocals,1970s,11625.0,-111.471
A,vocals,1970s,11718.8,-112.641
A,vocals,1970s,11812.5,-113.725
A,vocals,1970s,11906.2,-114.809
A,vocals,1970s,12000.0,-117.105
A,drums,1970s,0.0,-78.8
A,drums,1970s,93.8,-63.605
A,drums,1970s,187.5,-66.92
A,drums,1970s,281.2,-73.616
A,drums,1970s,375.0,-75.222
A,drums,1970s,468.8,-77.895
A,drums,1970s,562.5,-79.51
A,drums,1970s,656.2,-81.533
A,drums,1970s,750.0,-82.853
A,drums,1970s,843.8,-82.882
A,drums,1970s,937.5,-83.705
A,drums,1970s,1031.2,-84.004
A,drums,1970s,1125.0,-84.805
A,drums,1970s,1218.8,-84.799
A,drums,1970s,1312.5,-86.099
A,drums,1970s,1406.2,-86.163
A,drums,1970s,1500.0,-85.767
A,drums,1970s,1593.8,-85.622
A,drums,1970s,1687.5,-85.617
A,drums,1970s,1781.2,-85.494
A,drums,1970s,1875.0,-86.402
A,drums,1970s,1968.8,-87.154
A,drums,1970s,2062.5,-86.754
A,drums,1970s,2156.2,-86.481
A,drums,1970s,2250.0,-87.082
A,drums,1970s,2343.8,-87.328
A,drums,1970s,2437.5,-86.71
A,drums,1970s,2531.2,-86.924
A,drums,1970s,2625.0,-87.444
A,drums,1970s,2718.8,-86.565
A,drums,1970s,2812.5,-87.231
A,drums,1970s,2906.2,-87.035
A,drums,1970s,3000.0,-87.193
A,drums,1970s,3093.8,-86.911
A,drums,1970s,3187.5,-86.753
A,drums,1970s,3281.2,-86.676
A,drums,1970s,3375.0,-86.627
A,drums,1970s,3468.8,-87.335
A,drums,1970s,3562.5,-87.024
A,drums,1970s,3656.2,-85.979
A,drums,1970s,3750.0,-86.345
A,drums,1970s,3843.8,-86.086
A,drums,1970s,3937.5,-86.946
A,drums,1970s,4031.2,-86.391
A,drums,1970s,4125.0,-86.504
A,drums,1970s,4218.8,-86.207
A,drums,1970s,4312.5,-86.758
A,drums,1970s,4406.2,-86.509
A,drums,1970s,4500.0,-86.805
A,drums,1970s,4593.8,-86.562
A,drums,1970s,4687.5,-86.626
A,drums,1970s,4781.2,-87.252
A,drums,1970s,4875.0,-86.979
A,drums,1970s,4968.8,-87.432
A,drums,1970s,5062.5,-87.225
A,drums,1970s,5156.2,-86.942
A,drums,1970s,5250.0,-86.838
A,drums,1970s,5343.8,-86.496
A,drums,1970s,5437.5,-86.313
A,drums,1970s,5531.2,-86.172
A,drums,1970s,5625.0,-86.459
A,drums,1970s,5718.8,-86.89
A,drums,1970s,5812.5,-87.319
A,drums,1970s,5906.2,-87.919
A,drums,1970s,6000.0,-87.112
A,drums,1970s,6093.8,-87.237
A,drums,1970s,6187.5,-87.776
A,drums,1970s,6281.2,-87.804
A,drums,1970s,6375.0,-87.163
A,drums,1970s,6468.8,-87.233
A,drums,1970s,6562.5,-87.647
A,drums,1970s,6656.2,-87.945
A,drums,1970s,6750.0,-88.175
A,drums,1970s,6843.8,-88.095
A,drums,1970s,6937.5,-88.249
A,drums,1970s,7031.2,-88.829
A,drums,1970s,7125.0,-88.56
A,drums,1970s,7218.8,-88.941
A,drums,1970s,7312.5,-88.499
A,drums,1970s,7406.2,-89.007
A,drums,1970s,7500.0,-89.306
A,drums,1970s,7593.8,-89.424
A,drums,1970s,7687.5,-88.909
A,drums,1970s,7781.2,-89.449
A,drums,1970s,7875.0,-89.345
A,drums,1970s,7968.8,-89.847
A,drums,1970s,8062.5,-89.931
A,drums,1970s,8156.2,-89.699
A,drums,1970s,8250.0,-90.143
A,drums,1970s,8343.8,-90.193
A,drums,1970s,8437.5,-90.356
A,drums,1970s,8531.2,-90.671
A,drums,1970s,8625.0,-90.317
A,drums,1970s,8718.8,-90.276
A,drums,1970s,8812.5,-90.899
A,drums,1970s,8906.2,-91.114
A,drums,1970s,9000.0,-91.234
A,drums,1970s,9093.8,-90.872
A,drums,1970s,9187.5,-91.263
A,drums,1970s,9281.2,-91.628
A,drums,1970s,9375.0,-91.806
A,drums,1970s,9468.8,-92.144
A,drums,1970s,9562.5,-92.124
A,drums,1970s,9656.2,-92.124
A,drums,1970s,9750.0,-92.445
A,drums,1970s,9843.8,-93.371
A,drums,1970s,9937.5,-93.576
A,drums,1970s,10031.2,-93.931
A,drums,1970s,10125.0,-93.783
A,drums,1970s,10218.8,-94.684
A,drums,1970s,10312.5,-94.806
A,drums,1970s,10406.2,-95.24
A,drums,1970s,10500.0,-95.867
A,drums,1970s,10593.8,-96.714
A,drums,1970s,10687.5,-97.497
A,drums,1970s,10781.2,-98.404
A,drums,1970s,10875.0,-99.349
A,drums,1970s,10968.8,-99.75
A,drums,1970s,11062.5,-100.626
A,drums,1970s,11156.2,-102.214
A,drums,1970s,11250.0,-103.478
A,drums,1970s,11343.8,-104.668
A,drums,1970s,11437.5,-106.04
A,drums,1970s,11531.2,-107.757
A,drums,1970s,11625.0,-108.511
A,drums,1970s,11718.8,-109.65
A,drums,1970s,11812.5,-110.603
A,drums,1970s,11906.2,-111.92
A,drums,1970s,12000.0,-114.568
A,bass,1970s,0.0,-70.335
A,bass,1970s,93.8,-49.726
A,bass,1970s,187.5,-57.387
A,bass,1970s,281.2,-65.953
A,bass,1970s,375.0,-72.67
A,bass,1970s,468.8,-77.919
A,bass,1970s,562.5,-81.318
A,bass,1970s,656.2,-82.89
A,bass,1970s,750.0,-85.994
A,bass,1970s,843.8,-87.365
A,bass,1970s,937.5,-89.366
A,bass,1970s,1031.2,-90.349
A,bass,1970s,1125.0,-91.194
A,bass,1970s,1218.8,-92.152
A,bass,1970s,1312.5,-93.14
A,bass,1970s,1406.2,-93.705
A,bass,1970s,1500.0,-94.415
A,bass,1970s,1593.8,-94.191
A,bass,1970s,1687.5,-95.557
A,bass,1970s,1781.2,-95.293
A,bass,1970s,1875.0,-96.601
A,bass,1970s,1968.8,-96.797
A,bass,1970s,2062.5,-96.75
A,bass,1970s,2156.2,-97.842
A,bass,1970s,2250.0,-98.51
A,bass,1970s,2343.8,-98.864
A,bass,1970s,2437.5,-99.379
A,bass,1970s,2531.2,-99.759
A,bass,1970s,2625.0,-100.196
A,bass,1970s,2718.8,-100.82
A,bass,1970s,2812.5,-101.361
A,bass,1970s,2906.2,-101.475
A,bass,1970s,3000.0,-101.85
A,bass,1970s,3093.8,-101.712
A,bass,1970s,3187.5,-102.076
A,bass,1970s,3281.2,-102.521
A,bass,1970s,3375.0,-103.381
A,bass,1970s,3468.8,-103.563
A,bass,1970s,3562.5,-103.08
A,bass,1970s,3656.2,-102.876
A,bass,1970s,3750.0,-104.276
A,bass,1970s,3843.8,-104.723
A,bass,1970s,3937.5,-104.674
A,bass,1970s,4031.2,-105.354
A,bass,1970s,4125.0,-105.355
A,bass,1970s,4218.8,-105.364
A,bass,1970s,4312.5,-106.669
A,bass,1970s,4406.2,-107.216
A,bass,1970s,4500.0,-107.3
A,bass,1970s,4593.8,-107.846
A,bass,1970s,4687.5,-107.579
A,bass,1970s,4781.2,-108.703
A,bass,1970s,4875.0,-108.98
A,bass,1970s,4968.8,-108.969
A,bass,1970s,5062.5,-109.003
A,bass,1970s,5156.2,-108.781
A,bass,1970s,5250.0,-108.119
A,bass,1970s,5343.8,-109.25
A,bass,1970s,5437.5,-110.362
A,bass,1970s,5531.2,-110.994
A,bass,1970s,5625.0,-110.246
A,bass,1970s,5718.8,-110.28
A,bass,1970s,5812.5,-110.88
A,bass,1970s,5906.2,-111.478
A,bass,1970s,6000.0,-111.706
A,bass,1970s,6093.8,-111.728
A,bass,1970s,6187.5,-111.545
A,bass,1970s,6281.2,-111.533
A,bass,1970s,6375.0,-111.752
A,bass,1970s,6468.8,-112.13
A,bass,1970s,6562.5,-112.033
A,bass,1970s,6656.2,-111.977
A,bass,1970s,6750.0,-111.497
A,bass,1970s,6843.8,-111.612
A,bass,1970s,6937.5,-112.34
A,bass,1970s,7031.2,-112.527
A,bass,1970s,7125.0,-113.042
A,bass,1970s,7218.8,-113.021
A,bass,1970s,7312.5,-112.942
A,bass,1970s,7406.2,-113.054
A,bass,1970s,7500.0,-113.399
A,bass,1970s,7593.8,-113.379
A,bass,1970s,7687.5,-113.528
A,bass,1970s,7781.2,-113.044
A,bass,1970s,7875.0,-112.939
A,bass,1970s,7968.8,-112.819
A,bass,1970s,8062.5,-112.157
A,bass,1970s,8156.2,-112.523
A,bass,1970s,8250.0,-113.818
A,bass,1970s,8343.8,-112.772
A,bass,1970s,8437.5,-112.307
A,bass,1970s,8531.2,-113.963
A,bass,1970s,8625.0,-114.738
A,bass,1970s,8718.8,-115.147
A,bass,1970s,8812.5,-114.944
A,bass,1970s,8906.2,-114.589
A,bass,1970s,9000.0,-114.964
A,bass,1970s,9093.8,-115.296
A,bass,1970s,9187.5,-115.485
A,bass,1970s,9281.2,-115.574
A,bass,1970s,9375.0,-114.583
A,bass,1970s,9468.8,-114.332
A,bass,1970s,9562.5,-114.219
A,bass,1970s,9656.2,-111.237
A,bass,1970s,9750.0,-114.899
A,bass,1970s,9843.8,-115.1
A,bass,1970s,9937.5,-115.683
A,bass,1970s,10031.2,-115.759
A,bass,1970s,10125.0,-116.04
A,bass,1970s,10218.8,-116.413
A,bass,1970s,10312.5,-116.735
A,bass,1970s,10406.2,-116.251
A,bass,1970s,10500.0,-115.885
A,bass,1970s,10593.8,-116.104
A,bass,1970s,10687.5,-116.228
A,bass,1970s,10781.2,-115.902
A,bass,1970s,10875.0,-114.989
A,bass,1970s,10968.8,-115.636
A,bass,1970s,11062.5,-116.633
A,bass,1970s,11156.2,-116.342
A,bass,1970s,11250.0,-116.433
A,bass,1970s,11343.8,-117.119
A,bass,1970s,11437.5,-117.528
A,bass,1970s,11531.2,-117.639
A,bass,1970s,11625.0,-118.036
A,bass,1970s,11718.8,-117.537
A,bass,1970s,11812.5,-118.042
A,bass,1970s,11906.2,-118.33
A,bass,1970s,12000.0,-119.101
A,other,1970s,0.0,-75.703
A,other,1970s,93.8,-59.489
A,other,1970s,187.5,-55.553
A,other,1970s,281.2,-57.047
A,other,1970s,375.0,-56.523
A,other,1970s,468.8,-59.55
A,other,1970s,562.5,-60.824
A,other,1970s,656.2,-56.879
A,other,1970s,750.0,-63.121
A,other,1970s,843.8,-64.072
A,other,1970s,937.5,-64.547
A,other,1970s,1031.2,-64.229
A,other,1970s,1125.0,-65.391
A,other,1970s,1218.8,-65.904
A,other,1970s,1312.5,-61.885
A,other,1970s,1406.2,-65.34
A,other,1970s,1500.0,-67.171
A,other,1970s,1593.8,-66.357
A,other,1970s,1687.5,-68.115
A,other,1970s,1781.2,-64.436
A,other,1970s,1875.0,-68.218
A,other,1970s,1968.8,-64.016
A,other,1970s,2062.5,-68.292
A,other,1970s,2156.2,-69.57
A,other,1970s,2250.0,-69.849
A,other,1970s,2343.8,-66.42
A,other,1970s,2437.5,-69.848
A,other,1970s,2531.2,-71.503
A,other,1970s,2625.0,-68.708
A,other,1970s,2718.8,-72.17
A,other,1970s,2812.5,-71.837
A,other,1970s,2906.2,-73.702
A,other,1970s,3000.0,-73.942
A,other,1970s,3093.8,-73.935
A,other,1970s,3187.5,-73.592
A,other,1970s,3281.2,-73.322
A,other,1970s,3375.0,-75.519
A,other,1970s,3468.8,-75.808
A,other,1970s,3562.5,-73.356
A,other,1970s,3656.2,-74.7
A,other,1970s,3750.0,-75.018
A,other,1970s,3843.8,-77.515
A,other,1970s,3937.5,-74.882
A,other,1970s,4031.2,-78.202
A,other,1970s,4125.0,-77.988
A,other,1970s,4218.8,-77.572
A,other,1970s,4312.5,-78.606
A,other,1970s,4406.2,-78.23
A,other,1970s,4500.0,-80.428
A,other,1970s,4593.8,-81.961
A,other,1970s,4687.5,-79.154
A,other,1970s,4781.2,-81.861
A,other,1970s,4875.0,-81.97
A,other,1970s,4968.8,-81.053
A,other,1970s,5062.5,-83.849
A,other,1970s,5156.2,-84.687
A,other,1970s,5250.0,-83.157
A,other,1970s,5343.8,-85.05
A,other,1970s,5437.5,-86.388
A,other,1970s,5531.2,-85.764
A,other,1970s,5625.0,-85.695
A,other,1970s,5718.8,-87.035
A,other,1970s,5812.5,-88.254
A,other,1970s,5906.2,-87.952
A,other,1970s,6000.0,-89.129
A,other,1970s,6093.8,-89.757
A,other,1970s,6187.5,-88.712
A,other,1970s,6281.2,-88.368
A,other,1970s,6375.0,-89.523
A,other,1970s,6468.8,-90.959
A,other,1970s,6562.5,-90.301
A,other,1970s,6656.2,-90.897
A,other,1970s,6750.0,-91.921
A,other,1970s,6843.8,-91.563
A,other,1970s,6937.5,-92.92
A,other,1970s,7031.2,-91.339
A,other,1970s,7125.0,-92.301
A,other,1970s,7218.8,-94.252
A,other,1970s,7312.5,-94.053
A,other,1970s,7406.2,-93.93
A,other,1970s,7500.0,-93.766
A,other,1970s,7593.8,-94.483
A,other,1970s,7687.5,-95.06
A,other,1970s,7781.2,-94.299
A,other,1970s,7875.0,-93.63
A,other,1970s,7968.8,-93.394
A,other,1970s,8062.5,-95.977
A,other,1970s,8156.2,-95.63
A,other,1970s,8250.0,-96.719
A,other,1970s,8343.8,-96.439
A,other,1970s,8437.5,-97.085
A,other,1970s,8531.2,-97.446
A,other,1970s,8625.0,-96.223
A,other,1970s,8718.8,-96.816
A,other,1970s,8812.5,-97.647
A,other,1970s,8906.2,-97.056
A,other,1970s,9000.0,-98.142
A,other,1970s,9093.8,-99.108
A,other,1970s,9187.5,-98.099
A,other,1970s,9281.2,-98.675
A,other,1970s,9375.0,-98.16
A,other,1970s,9468.8,-99.355
A,other,1970s,9562.5,-99.907
A,other,1970s,9656.2,-98.68
A,other,1970s,9750.0,-101.528
A,other,1970s,9843.8,-100.695
A,other,1970s,9937.5,-101.075
A,other,1970s,10031.2,-102.069
A,other,1970s,10125.0,-101.743
A,other,1970s,10218.8,-103.314
A,other,1970s,10312.5,-103.378
A,other,1970s,10406.2,-104.362
A,other,1970s,10500.0,-104.045
A,other,1970s,10593.8,-104.586
A,other,1970s,10687.5,-105.943
A,other,1970s,10781.2,-107.739
A,other,1970s,10875.0,-106.72
A,other,1970s,10968.8,-107.865
A,other,1970s,11062.5,-109.182
A,other,1970s,11156.2,-109.531
A,other,1970s,11250.0,-110.672
A,other,1970s,11343.8,-112.359
A,other,1970s,11437.5,-113.272
A,other,1970s,11531.2,-114.554
A,other,1970s,11625.0,-115.507
A,other,1970s,11718.8,-115.294
A,other,1970s,11812.5,-116.01
A,other,1970s,11906.2,-117.405
A,other,1970s,12000.0,-118.805
A,mixture,1980s,0.0,-62.001
A,mixture,1980s,93.8,-42.105
A,mixture,1980s,187.5,-43.798
A,mixture,1980s,281.2,-47.527
A,mixture,1980s,375.0,-49.163
A,mixture,1980s,468.8,-49.861
A,mixture,1980s,562.5,-49.869
A,mixture,1980s,656.2,-48.604
A,mixture,1980s,750.0,-50.984
A,mixture,1980s,843.8,-53.304
A,mixture,1980s,937.5,-53.392
A,mixture,1980s,1031.2,-53.717
A,mixture,1980s,1125.0,-55.428
A,mixture,1980s,1218.8,-55.603
A,mixture,1980s,1312.5,-53.828
A,mixture,1980s,1406.2,-55.047
A,mixture,1980s,1500.0,-56.355
A,mixture,1980s,1593.8,-55.884
A,mixture,1980s,1687.5,-57.332
A,mixture,1980s,1781.2,-55.124
A,mixture,1980s,1875.0,-56.716
A,mixture,1980s,1968.8,-56.578
A,mixture,1980s,2062.5,-58.784
A,mixture,1980s,2156.2,-59.841
A,mixture,1980s,2250.0,-59.423
A,mixture,1980s,2343.8,-58.088
A,mixture,1980s,2437.5,-59.283
A,mixture,1980s,2531.2,-60.064
A,mixture,1980s,2625.0,-58.595
A,mixture,1980s,2718.8,-60.49
A,mixture,1980s,2812.5,-61.091
A,mixture,1980s,2906.2,-62.029
A,mixture,1980s,3000.0,-62.359
A,mixture,1980s,3093.8,-62.176
A,mixture,1980s,3187.5,-62.585
A,mixture,1980s,3281.2,-61.979
A,mixture,1980s,3375.0,-63.217
A,mixture,1980s,3468.8,-62.925
A,mixture,1980s,3562.5,-63.432
A,mixture,1980s,3656.2,-63.337
A,mixture,1980s,3750.0,-64.188
A,mixture,1980s,3843.8,-64.081
A,mixture,1980s,3937.5,-64.096
A,mixture,1980s,4031.2,-65.145
A,mixture,1980s,4125.0,-64.895
A,mixture,1980s,4218.8,-66.094
A,mixture,1980s,4312.5,-66.609
A,mixture,1980s,4406.2,-65.98
A,mixture,1980s,4500.0,-66.799
A,mixture,1980s,4593.8,-67.013
A,mixture,1980s,4687.5,-67.022
A,mixture,1980s,4781.2,-67.628
A,mixture,1980s,4875.0,-67.968
A,mixture,1980s,4968.8,-67.942
A,mixture,1980s,5062.5,-67.563
A,mixture,1980s,5156.2,-68.16
A,mixture,1980s,5250.0,-67.061
A,mixture,1980s,5343.8,-68.06
A,mixture,1980s,5437.5,-68.353
A,mixture,1980s,5531.2,-68.513
A,mixture,1980s,5625.0,-68.873
A,mixture,1980s,5718.8,-68.411
A,mixture,1980s,5812.5,-69.178
A,mixture,1980s,5906.2,-68.843
A,mixture,1980s,6000.0,-69.053
A,mixture,1980s,6093.8,-69.588
A,mixture,1980s,6187.5,-69.607
A,mixture,1980s,6281.2,-69.508
A,mixture,1980s,6375.0,-70.166
A,mixture,1980s,6468.8,-69.975
A,mixture,1980s,6562.5,-69.978
A,mixture,1980s,6656.2,-70.136
A,mixture,1980s,6750.0,-70.711
A,mixture,1980s,6843.8,-70.567
A,mixture,1980s,6937.5,-70.766
A,mixture,1980s,7031.2,-70.86
A,mixture,1980s,7125.0,-71.227
A,mixture,1980s,7218.8,-71.469
A,mixture,1980s,7312.5,-71.489
A,mixture,1980s,7406.2,-71.716
A,mixture,1980s,7500.0,-71.704
A,mixture,1980s,7593.8,-72.039
A,mixture,1980s,7687.5,-72.553
A,mixture,1980s,7781.2,-72.063
A,mixture,1980s,7875.0,-72.565
A,mixture,1980s,7968.8,-72.764
A,mixture,1980s,8062.5,-73.283
A,mixture,1980s,8156.2,-73.516
A,mixture,1980s,8250.0,-73.498
A,mixture,1980s,8343.8,-73.539
A,mixture,1980s,8437.5,-73.952
A,mixture,1980s,8531.2,-73.924
A,mixture,1980s,8625.0,-73.942
A,mixture,1980s,8718.8,-74.156
A,mixture,1980s,8812.5,-73.932
A,mixture,1980s,8906.2,-74.45
A,mixture,1980s,9000.0,-74.467
A,mixture,1980s,9093.8,-74.507
A,mixture,1980s,9187.5,-74.885
A,mixture,1980s,9281.2,-75.301
A,mixture,1980s,9375.0,-75.464
A,mixture,1980s,9468.8,-75.524
A,mixture,1980s,9562.5,-76.026
A,mixture,1980s,9656.2,-76.183
A,mixture,1980s,9750.0,-76.282
A,mixture,1980s,9843.8,-75.85
A,mixture,1980s,9937.5,-76.234
A,mixture,1980s,10031.2,-76.404
A,mixture,1980s,10125.0,-76.496
A,mixture,1980s,10218.8,-77.138
A,mixture,1980s,10312.5,-77.216
A,mixture,1980s,10406.2,-77.34
A,mixture,1980s,10500.0,-77.7
A,mixture,1980s,10593.8,-77.614
A,mixture,1980s,10687.5,-78.409
A,mixture,1980s,10781.2,-79.022
A,mixture,1980s,10875.0,-79.71
A,mixture,1980s,10968.8,-80.429
A,mixture,1980s,11062.5,-81.62
A,mixture,1980s,11156.2,-82.49
A,mixture,1980s,11250.0,-84.055
A,mixture,1980s,11343.8,-85.475
A,mixture,1980s,11437.5,-86.831
A,mixture,1980s,11531.2,-87.626
A,mixture,1980s,11625.0,-89.787
A,mixture,1980s,11718.8,-91.304
A,mixture,1980s,11812.5,-92.948
A,mixture,1980s,11906.2,-94.767
A,mixture,1980s,12000.0,-99.692
A,vocals,1980s,0.0,-79.184
A,vocals,1980s,93.8,-79.266
A,vocals,1980s,187.5,-63.9
A,vocals,1980s,281.2,-57.43
A,vocals,1980s,375.0,-58.315
A,vocals,1980s,468.8,-57.337
A,vocals,1980s,562.5,-55.417
A,vocals,1980s,656.2,-55.082
A,vocals,1980s,750.0,-57.123
A,vocals,1980s,843.8,-59.24
A,vocals,1980s,937.5,-60.245
A,vocals,1980s,1031.2,-59.104
A,vocals,1980s,1125.0,-62.004
A,vocals,1980s,1218.8,-61.943
A,vocals,1980s,1312.5,-62.485
A,vocals,1980s,1406.2,-61.765
A,vocals,1980s,1500.0,-63.2
A,vocals,1980s,1593.8,-63.084
A,vocals,1980s,1687.5,-64.197
A,vocals,1980s,1781.2,-64.032
A,vocals,1980s,1875.0,-65.643
A,vocals,1980s,1968.8,-65.87
A,vocals,1980s,2062.5,-67.742
A,vocals,1980s,2156.2,-69.106
A,vocals,1980s,2250.0,-69.234
A,vocals,1980s,2343.8,-68.302
A,vocals,1980s,2437.5,-68.896
A,vocals,1980s,2531.2,-69.893
A,vocals,1980s,2625.0,-68.64
A,vocals,1980s,2718.8,-69.606
A,vocals,1980s,2812.5,-69.993
A,vocals,1980s,2906.2,-70.952
A,vocals,1980s,3000.0,-71.853
A,vocals,1980s,3093.8,-71.679
A,vocals,1980s,3187.5,-71.709
A,vocals,1980s,3281.2,-71.884
A,vocals,1980s,3375.0,-72.84
A,vocals,1980s,3468.8,-72.345
A,vocals,1980s,3562.5,-73.332
A,vocals,1980s,3656.2,-73.988
A,vocals,1980s,3750.0,-74.6
A,vocals,1980s,3843.8,-74.209
A,vocals,1980s,3937.5,-75.144
A,vocals,1980s,4031.2,-76.057
A,vocals,1980s,4125.0,-76.579
A,vocals,1980s,4218.8,-77.397
A,vocals,1980s,4312.5,-78.685
A,vocals,1980s,4406.2,-79.217
A,vocals,1980s,4500.0,-79.309
A,vocals,1980s,4593.8,-79.271
A,vocals,1980s,4687.5,-79.269
A,vocals,1980s,4781.2,-80.2
A,vocals,1980s,4875.0,-79.558
A,vocals,1980s,4968.8,-79.951
A,vocals,1980s,5062.5,-79.762
A,vocals,1980s,5156.2,-79.995
A,vocals,1980s,5250.0,-79.28
A,vocals,1980s,5343.8,-79.806
A,vocals,1980s,5437.5,-80.148
A,vocals,1980s,5531.2,-80.246
A,vocals,1980s,5625.0,-80.272
A,vocals,1980s,5718.8,-79.98
A,vocals,1980s,5812.5,-80.486
A,vocals,1980s,5906.2,-79.832
A,vocals,1980s,6000.0,-80.498
A,vocals,1980s,6093.8,-80.089
A,vocals,1980s,6187.5,-80.551
A,vocals,1980s,6281.2,-80.825
A,vocals,1980s,6375.0,-80.784
A,vocals,1980s,6468.8,-80.859
A,vocals,1980s,6562.5,-80.335
A,vocals,1980s,6656.2,-80.569
A,vocals,1980s,6750.0,-80.933
A,vocals,1980s,6843.8,-81.01
A,vocals,1980s,6937.5,-81.029
A,vocals,1980s,7031.2,-80.907
A,vocals,1980s,7125.0,-81.388
A,vocals,1980s,7218.8,-81.476
A,vocals,1980s,7312.5,-81.611
A,vocals,1980s,7406.2,-81.065
A,vocals,1980s,7500.0,-81.602
A,vocals,1980s,7593.8,-81.315
A,vocals,1980s,7687.5,-82.221
A,vocals,1980s,7781.2,-82.271
A,vocals,1980s,7875.0,-82.711
A,vocals,1980s,7968.8,-82.278
A,vocals,1980s,8062.5,-82.407
A,vocals,1980s,8156.2,-82.761
A,vocals,1980s,8250.0,-83.377
A,vocals,1980s,8343.8,-83.237
A,vocals,1980s,8437.5,-83.893
A,vocals,1980s,8531.2,-84.121
A,vocals,1980s,8625.0,-84.011
A,vocals,1980s,8718.8,-83.904
A,vocals,1980s,8812.5,-84.154
A,vocals,1980s,8906.2,-84.987
A,vocals,1980s,9000.0,-84.581
A,vocals,1980s,9093.8,-84.882
A,vocals,1980s,9187.5,-84.915
A,vocals,1980s,9281.2,-85.463
A,vocals,1980s,9375.0,-85.927
A,vocals,1980s,9468.8,-86.553
A,vocals,1980s,9562.5,-86.892
A,vocals,1980s,9656.2,-87.749
A,vocals,1980s,9750.0,-87.625
A,vocals,1980s,9843.8,-88.138
A,vocals,1980s,9937.5,-88.662
A,vocals,1980s,10031.2,-89.449
A,vocals,1980s,10125.0,-89.768
A,vocals,1980s,10218.8,-90.398
A,vocals,1980s,10312.5,-91.028
A,vocals,1980s,10406.2,-91.792
A,vocals,1980s,10500.0,-92.433
A,vocals,1980s,10593.8,-92.886
A,vocals,1980s,10687.5,-93.371
A,vocals,1980s,10781.2,-94.135
A,vocals,1980s,10875.0,-95.515
A,vocals,1980s,10968.8,-96.71
A,vocals,1980s,11062.5,-97.979
A,vocals,1980s,11156.2,-98.741
A,vocals,1980s,11250.0,-100.008
A,vocals,1980s,11343.8,-101.233
A,vocals,1980s,11437.5,-102.557
A,vocals,1980s,11531.2,-104.0
A,vocals,1980s,11625.0,-105.876
A,vocals,1980s,11718.8,-107.033
A,vocals,1980s,11812.5,-108.955
A,vocals,1980s,11906.2,-110.316
A,vocals,1980s,12000.0,-113.209
A,drums,1980s,0.0,-71.77
A,drums,1980s,93.8,-54.879
A,drums,1980s,187.5,-56.44
A,drums,1980s,281.2,-64.241
A,drums,1980s,375.0,-67.229
A,drums,1980s,468.8,-70.121
A,drums,1980s,562.5,-72.324
A,drums,1980s,656.2,-74.549
A,drums,1980s,750.0,-75.595
A,drums,1980s,843.8,-75.811
A,drums,1980s,937.5,-76.511
A,drums,1980s,1031.2,-76.744
A,drums,1980s,1125.0,-77.662
A,drums,1980s,1218.8,-77.735
A,drums,1980s,1312.5,-79.239
A,drums,1980s,1406.2,-77.857
A,drums,1980s,1500.0,-78.424
A,drums,1980s,1593.8,-78.25
A,drums,1980s,1687.5,-77.972
A,drums,1980s,1781.2,-78.065
A,drums,1980s,1875.0,-78.777
A,drums,1980s,1968.8,-79.329
A,drums,1980s,2062.5,-78.509
A,drums,1980s,2156.2,-77.583
A,drums,1980s,2250.0,-77.933
A,drums,1980s,2343.8,-78.162
A,drums,1980s,2437.5,-77.194
A,drums,1980s,2531.2,-76.942
A,drums,1980s,2625.0,-77.071
A,drums,1980s,2718.8,-76.49
A,drums,1980s,2812.5,-76.791
A,drums,1980s,2906.2,-77.053
A,drums,1980s,3000.0,-77.321
A,drums,1980s,3093.8,-76.157
A,drums,1980s,3187.5,-75.847
A,drums,1980s,3281.2,-74.931
A,drums,1980s,3375.0,-75.638
A,drums,1980s,3468.8,-75.734
A,drums,1980s,3562.5,-75.398
A,drums,1980s,3656.2,-74.811
A,drums,1980s,3750.0,-75.026
A,drums,1980s,3843.8,-74.319
A,drums,1980s,3937.5,-75.285
A,drums,1980s,4031.2,-74.511
A,drums,1980s,4125.0,-74.512
A,drums,1980s,4218.8,-74.948
A,drums,1980s,4312.5,-74.606
A,drums,1980s,4406.2,-74.166
A,drums,1980s,4500.0,-74.256
A,drums,1980s,4593.8,-73.762
A,drums,1980s,4687.5,-74.552
A,drums,1980s,4781.2,-74.203
A,drums,1980s,4875.0,-74.721
A,drums,1980s,4968.8,-74.666
A,drums,1980s,5062.5,-74.034
A,drums,1980s,5156.2,-74.92
A,drums,1980s,5250.0,-74.269
A,drums,1980s,5343.8,-74.904
A,drums,1980s,5437.5,-74.25
A,drums,1980s,5531.2,-75.025
A,drums,1980s,5625.0,-75.15
A,drums,1980s,5718.8,-74.573
A,drums,1980s,5812.5,-75.107
A,drums,1980s,5906.2,-75.673
A,drums,1980s,6000.0,-75.433
A,drums,1980s,6093.8,-76.014
A,drums,1980s,6187.5,-75.662
A,drums,1980s,6281.2,-75.906
A,drums,1980s,6375.0,-76.227
A,drums,1980s,6468.8,-75.995
A,drums,1980s,6562.5,-75.899
A,drums,1980s,6656.2,-76.105
A,drums,1980s,6750.0,-76.255
A,drums,1980s,6843.8,-76.186
A,drums,1980s,6937.5,-76.601
A,drums,1980s,7031.2,-77.05
A,drums,1980s,7125.0,-76.885
A,drums,1980s,7218.8,-77.191
A,drums,1980s,7312.5,-77.427
A,drums,1980s,7406.2,-77.689
A,drums,1980s,7500.0,-76.962
A,drums,1980s,7593.8,-78.253
A,drums,1980s,7687.5,-78.174
A,drums,1980s,7781.2,-77.609
A,drums,1980s,7875.0,-78.2
A,drums,1980s,7968.8,-78.428
A,drums,1980s,8062.5,-79.194
A,drums,1980s,8156.2,-79.138
A,drums,1980s,8250.0,-79.118
A,drums,1980s,8343.8,-78.533
A,drums,1980s,8437.5,-78.739
A,drums,1980s,8531.2,-79.001
A,drums,1980s,8625.0,-79.27
A,drums,1980s,8718.8,-79.843
A,drums,1980s,8812.5,-80.087
A,drums,1980s,8906.2,-79.83
A,drums,1980s,9000.0,-80.029
A,drums,1980s,9093.8,-79.665
A,drums,1980s,9187.5,-80.491
A,drums,1980s,9281.2,-81.234
A,drums,1980s,9375.0,-81.681
A,drums,1980s,9468.8,-81.329
A,drums,1980s,9562.5,-81.778
A,drums,1980s,9656.2,-81.588
A,drums,1980s,9750.0,-81.972
A,drums,1980s,9843.8,-82.329
A,drums,1980s,9937.5,-82.781
A,drums,1980s,10031.2,-82.664
A,drums,1980s,10125.0,-83.153
A,drums,1980s,10218.8,-83.993
A,drums,1980s,10312.5,-84.706
A,drums,1980s,10406.2,-84.842
A,drums,1980s,10500.0,-85.571
A,drums,1980s,10593.8,-86.013
A,drums,1980s,10687.5,-86.881
A,drums,1980s,10781.2,-87.687
A,drums,1980s,10875.0,-88.43
A,drums,1980s,10968.8,-89.407
A,drums,1980s,11062.5,-90.881
A,drums,1980s,11156.2,-92.491
A,drums,1980s,11250.0,-94.019
A,drums,1980s,11343.8,-95.937
A,drums,1980s,11437.5,-97.458
A,drums,1980s,11531.2,-98.698
A,drums,1980s,11625.0,-100.504
A,drums,1980s,11718.8,-102.187
A,drums,1980s,11812.5,-103.624
A,drums,1980s,11906.2,-105.198
A,drums,1980s,12000.0,-109.449
A,bass,1980s,0.0,-68.9
A,bass,1980s,93.8,-48.344
A,bass,1980s,187.5,-53.598
A,bass,1980s,281.2,-61.615
A,bass,1980s,375.0,-69.198
A,bass,1980s,468.8,-74.623
A,bass,1980s,562.5,-78.077
A,bass,1980s,656.2,-79.738
A,bass,1980s,750.0,-81.981
A,bass,1980s,843.8,-83.406
A,bass,1980s,937.5,-84.761
A,bass,1980s,1031.2,-86.2
A,bass,1980s,1125.0,-87.074
A,bass,1980s,1218.8,-88.951
A,bass,1980s,1312.5,-89.108
A,bass,1980s,1406.2,-89.297
A,bass,1980s,1500.0,-90.416
A,bass,1980s,1593.8,-90.498
A,bass,1980s,1687.5,-90.707
A,bass,1980s,1781.2,-91.605
A,bass,1980s,1875.0,-92.241
A,bass,1980s,1968.8,-92.781
A,bass,1980s,2062.5,-92.57
A,bass,1980s,2156.2,-93.195
A,bass,1980s,2250.0,-93.585
A,bass,1980s,2343.8,-94.099
A,bass,1980s,2437.5,-93.861
A,bass,1980s,2531.2,-94.314
A,bass,1980s,2625.0,-94.52
A,bass,1980s,2718.8,-95.53
A,bass,1980s,2812.5,-96.27
A,bass,1980s,2906.2,-96.822
A,bass,1980s,3000.0,-96.721
A,bass,1980s,3093.8,-96.868
A,bass,1980s,3187.5,-96.901
A,bass,1980s,3281.2,-97.118
A,bass,1980s,3375.0,-98.01
A,bass,1980s,3468.8,-97.754
A,bass,1980s,3562.5,-98.232
A,bass,1980s,3656.2,-98.099
A,bass,1980s,3750.0,-99.408
A,bass,1980s,3843.8,-100.091
A,bass,1980s,3937.5,-99.71
A,bass,1980s,4031.2,-100.58
A,bass,1980s,4125.0,-100.116
A,bass,1980s,4218.8,-100.768
A,bass,1980s,4312.5,-101.811
A,bass,1980s,4406.2,-102.239
A,bass,1980s,4500.0,-102.547
A,bass,1980s,4593.8,-102.406
A,bass,1980s,4687.5,-103.178
A,bass,1980s,4781.2,-103.614
A,bass,1980s,4875.0,-104.362
A,bass,1980s,4968.8,-104.173
A,bass,1980s,5062.5,-103.928
A,bass,1980s,5156.2,-104.207
A,bass,1980s,5250.0,-103.14
A,bass,1980s,5343.8,-104.933
A,bass,1980s,5437.5,-105.894
A,bass,1980s,5531.2,-105.96
A,bass,1980s,5625.0,-106.268
A,bass,1980s,5718.8,-105.312
A,bass,1980s,5812.5,-106.107
A,bass,1980s,5906.2,-106.272
A,bass,1980s,6000.0,-106.934
A,bass,1980s,6093.8,-107.919
A,bass,1980s,6187.5,-107.401
A,bass,1980s,6281.2,-107.148
A,bass,1980s,6375.0,-108.091
A,bass,1980s,6468.8,-108.372
A,bass,1980s,6562.5,-108.36
A,bass,1980s,6656.2,-108.202
A,bass,1980s,6750.0,-108.056
A,bass,1980s,6843.8,-107.988
A,bass,1980s,6937.5,-108.346
A,bass,1980s,7031.2,-108.994
A,bass,1980s,7125.0,-109.437
A,bass,1980s,7218.8,-108.929
A,bass,1980s,7312.5,-109.522
A,bass,1980s,7406.2,-109.488
A,bass,1980s,7500.0,-109.689
A,bass,1980s,7593.8,-110.225
A,bass,1980s,7687.5,-110.416
A,bass,1980s,7781.2,-109.357
A,bass,1980s,7875.0,-109.204
A,bass,1980s,7968.8,-109.347
A,bass,1980s,8062.5,-109.4
A,bass,1980s,8156.2,-110.016
A,bass,1980s,8250.0,-110.614
A,bass,1980s,8343.8,-109.453
A,bass,1980s,8437.5,-109.783
A,bass,1980s,8531.2,-110.447
A,bass,1980s,8625.0,-111.233
A,bass,1980s,8718.8,-111.558
A,bass,1980s,8812.5,-111.706
A,bass,1980s,8906.2,-111.115
A,bass,1980s,9000.0,-111.645
A,bass,1980s,9093.8,-111.777
A,bass,1980s,9187.5,-112.389
A,bass,1980s,9281.2,-112.594
A,bass,1980s,9375.0,-111.898
A,bass,1980s,9468.8,-111.858
A,bass,1980s,9562.5,-111.72
A,bass,1980s,9656.2,-109.782
A,bass,1980s,9750.0,-112.638
A,bass,1980s,9843.8,-112.357
A,bass,1980s,9937.5,-112.856
A,bass,1980s,10031.2,-112.603
A,bass,1980s,10125.0,-113.374
A,bass,1980s,10218.8,-113.95
A,bass,1980s,10312.5,-114.584
A,bass,1980s,10406.2,-114.036
A,bass,1980s,10500.0,-113.691
A,bass,1980s,10593.8,-113.98
A,bass,1980s,10687.5,-114.362
A,bass,1980s,10781.2,-114.386
A,bass,1980s,10875.0,-113.99
A,bass,1980s,10968.8,-114.54
A,bass,1980s,11062.5,-115.301
A,bass,1980s,11156.2,-115.27
A,bass,1980s,11250.0,-115.664
A,bass,1980s,11343.8,-116.368
A,bass,1980s,11437.5,-116.656
A,bass,1980s,11531.2,-116.554
A,bass,1980s,11625.0,-117.147
A,bass,1980s,11718.8,-116.627
A,bass,1980s,11812.5,-117.171
A,bass,1980s,11906.2,-117.463
A,bass,1980s,12000.0,-118.561
A,other,1980s,0.0,-75.398
A,other,1980s,93.8,-59.03
A,other,1980s,187.5,-54.326
A,other,1980s,281.2,-55.42
A,other,1980s,375.0,-56.155
A,other,1980s,468.8,-59.051
A,other,1980s,562.5,-60.271
A,other,1980s,656.2,-56.302
A,other,1980s,750.0,-59.313
A,other,1980s,843.8,-62.197
A,other,1980s,937.5,-60.977
A,other,1980s,1031.2,-61.869
A,other,1980s,1125.0,-63.536
A,other,1980s,1218.8,-64.38
A,other,1980s,1312.5,-59.811
A,other,1980s,1406.2,-62.762
A,other,1980s,1500.0,-64.871
A,other,1980s,1593.8,-64.807
A,other,1980s,1687.5,-65.258
A,other,1980s,1781.2,-62.449
A,other,1980s,1875.0,-63.223
A,other,1980s,1968.8,-62.267
A,other,1980s,2062.5,-65.898
A,other,1980s,2156.2,-67.324
A,other,1980s,2250.0,-65.619
A,other,1980s,2343.8,-63.657
A,other,1980s,2437.5,-66.588
A,other,1980s,2531.2,-67.314
A,other,1980s,2625.0,-65.004
A,other,1980s,2718.8,-68.612
A,other,1980s,2812.5,-68.237
A,other,1980s,2906.2,-70.217
A,other,1980s,3000.0,-70.225
A,other,1980s,3093.8,-70.436
A,other,1980s,3187.5,-71.151
A,other,1980s,3281.2,-69.944
A,other,1980s,3375.0,-72.267
A,other,1980s,3468.8,-72.975
A,other,1980s,3562.5,-72.592
A,other,1980s,3656.2,-73.627
A,other,1980s,3750.0,-72.97
A,other,1980s,3843.8,-74.192
A,other,1980s,3937.5,-73.169
A,other,1980s,4031.2,-76.218
A,other,1980s,4125.0,-76.3
A,other,1980s,4218.8,-76.191
A,other,1980s,4312.5,-76.889
A,other,1980s,4406.2,-75.929
A,other,1980s,4500.0,-77.447
A,other,1980s,4593.8,-79.087
A,other,1980s,4687.5,-77.97
A,other,1980s,4781.2,-78.221
A,other,1980s,4875.0,-79.795
A,other,1980s,4968.8,-79.581
A,other,1980s,5062.5,-79.624
A,other,1980s,5156.2,-81.592
A,other,1980s,5250.0,-80.015
A,other,1980s,5343.8,-81.607
A,other,1980s,5437.5,-82.987
A,other,1980s,5531.2,-82.876
A,other,1980s,5625.0,-84.049
A,other,1980s,5718.8,-84.141
A,other,1980s,5812.5,-86.031
A,other,1980s,5906.2,-84.466
A,other,1980s,6000.0,-85.673
A,other,1980s,6093.8,-87.542
A,other,1980s,6187.5,-87.284
A,other,1980s,6281.2,-86.71
A,other,1980s,6375.0,-89.201
A,other,1980s,6468.8,-89.948
A,other,1980s,6562.5,-89.793
A,other,1980s,6656.2,-90.177
A,other,1980s,6750.0,-91.635
A,other,1980s,6843.8,-91.329
A,other,1980s,6937.5,-90.853
A,other,1980s,7031.2,-90.804
A,other,1980s,7125.0,-91.13
A,other,1980s,7218.8,-92.828
A,other,1980s,7312.5,-92.967
A,other,1980s,7406.2,-91.947
A,other,1980s,7500.0,-91.279
A,other,1980s,7593.8,-93.095
A,other,1980s,7687.5,-93.242
A,other,1980s,7781.2,-93.033
A,other,1980s,7875.0,-92.406
A,other,1980s,7968.8,-92.541
A,other,1980s,8062.5,-94.747
A,other,1980s,8156.2,-94.713
A,other,1980s,8250.0,-95.694
A,other,1980s,8343.8,-95.595
A,other,1980s,8437.5,-95.52
A,other,1980s,8531.2,-94.986
A,other,1980s,8625.0,-95.627
A,other,1980s,8718.8,-94.8
A,other,1980s,8812.5,-95.819
A,other,1980s,8906.2,-95.851
A,other,1980s,9000.0,-96.749
A,other,1980s,9093.8,-96.333
A,other,1980s,9187.5,-97.606
A,other,1980s,9281.2,-96.906
A,other,1980s,9375.0,-98.277
A,other,1980s,9468.8,-97.535
A,other,1980s,9562.5,-98.79
A,other,1980s,9656.2,-98.195
A,other,1980s,9750.0,-99.337
A,other,1980s,9843.8,-98.822
A,other,1980s,9937.5,-99.036
A,other,1980s,10031.2,-100.316
A,other,1980s,10125.0,-99.965
A,other,1980s,10218.8,-101.622
A,other,1980s,10312.5,-101.381
A,other,1980s,10406.2,-101.933
A,other,1980s,10500.0,-101.223
A,other,1980s,10593.8,-101.157
A,other,1980s,10687.5,-103.724
A,other,1980s,10781.2,-104.129
A,other,1980s,10875.0,-104.11
A,other,1980s,10968.8,-105.568
A,other,1980s,11062.5,-107.139
A,other,1980s,11156.2,-107.355
A,other,1980s,11250.0,-108.572
A,other,1980s,11343.8,-110.111
A,other,1980s,11437.5,-111.959
A,other,1980s,11531.2,-111.105
A,other,1980s,11625.0,-112.596
A,other,1980s,11718.8,-113.028
A,other,1980s,11812.5,-113.669
A,other,1980s,11906.2,-115.137
A,other,1980s,12000.0,-117.132
A,mixture,1990s,0.0,-60.943
A,mixture,1990s,93.8,-43.249
A,mixture,1990s,187.5,-44.318
A,mixture,1990s,281.2,-46.597
A,mixture,1990s,375.0,-47.896
A,mixture,1990s,468.8,-49.371
A,mixture,1990s,562.5,-49.764
A,mixture,1990s,656.2,-48.316
A,mixture,1990s,750.0,-51.01
A,mixture,1990s,843.8,-53.122
A,mixture,1990s,937.5,-53.505
A,mixture,1990s,1031.2,-55.11
A,mixture,1990s,1125.0,-54.703
A,mixture,1990s,1218.8,-55.723
A,mixture,1990s,1312.5,-53.355
A,mixture,1990s,1406.2,-56.58
A,mixture,1990s,1500.0,-56.364
A,mixture,1990s,1593.8,-56.827
A,mixture,1990s,1687.5,-57.638
A,mixture,1990s,1781.2,-56.385
A,mixture,1990s,1875.0,-57.736
A,mixture,1990s,1968.8,-56.69
A,mixture,1990s,2062.5,-59.25
A,mixture,1990s,2156.2,-60.06
A,mixture,1990s,2250.0,-59.902
A,mixture,1990s,2343.8,-57.512
A,mixture,1990s,2437.5,-59.915
A,mixture,1990s,2531.2,-61.007
A,mixture,1990s,2625.0,-59.463
A,mixture,1990s,2718.8,-61.945
A,mixture,1990s,2812.5,-61.935
A,mixture,1990s,2906.2,-62.194
A,mixture,1990s,3000.0,-62.655
A,mixture,1990s,3093.8,-62.317
A,mixture,1990s,3187.5,-62.707
A,mixture,1990s,3281.2,-62.663
A,mixture,1990s,3375.0,-63.942
A,mixture,1990s,3468.8,-62.916
A,mixture,1990s,3562.5,-62.871
A,mixture,1990s,3656.2,-63.765
A,mixture,1990s,3750.0,-63.039
A,mixture,1990s,3843.8,-64.263
A,mixture,1990s,3937.5,-63.772
A,mixture,1990s,4031.2,-65.738
A,mixture,1990s,4125.0,-65.898
A,mixture,1990s,4218.8,-65.919
A,mixture,1990s,4312.5,-66.47
A,mixture,1990s,4406.2,-66.141
A,mixture,1990s,4500.0,-67.406
A,mixture,1990s,4593.8,-68.191
A,mixture,1990s,4687.5,-67.129
A,mixture,1990s,4781.2,-68.67
A,mixture,1990s,4875.0,-68.111
A,mixture,1990s,4968.8,-68.238
A,mixture,1990s,5062.5,-69.482
A,mixture,1990s,5156.2,-68.731
A,mixture,1990s,5250.0,-68.361
A,mixture,1990s,5343.8,-69.097
A,mixture,1990s,5437.5,-69.233
A,mixture,1990s,5531.2,-69.519
A,mixture,1990s,5625.0,-69.381
A,mixture,1990s,5718.8,-69.619
A,mixture,1990s,5812.5,-69.841
A,mixture,1990s,5906.2,-69.473
A,mixture,1990s,6000.0,-69.835
A,mixture,1990s,6093.8,-70.03
A,mixture,1990s,6187.5,-69.48
A,mixture,1990s,6281.2,-69.892
A,mixture,1990s,6375.0,-70.154
A,mixture,1990s,6468.8,-70.393
A,mixture,1990s,6562.5,-70.652
A,mixture,1990s,6656.2,-69.996
A,mixture,1990s,6750.0,-71.421
A,mixture,1990s,6843.8,-71.875
A,mixture,1990s,6937.5,-71.476
A,mixture,1990s,7031.2,-71.257
A,mixture,1990s,7125.0,-71.509
A,mixture,1990s,7218.8,-72.189
A,mixture,1990s,7312.5,-72.068
A,mixture,1990s,7406.2,-72.161
A,mixture,1990s,7500.0,-72.178
A,mixture,1990s,7593.8,-72.662
A,mixture,1990s,7687.5,-72.907
A,mixture,1990s,7781.2,-73.4
A,mixture,1990s,7875.0,-73.049
A,mixture,1990s,7968.8,-72.918
A,mixture,1990s,8062.5,-73.901
A,mixture,1990s,8156.2,-73.894
A,mixture,1990s,8250.0,-73.703
A,mixture,1990s,8343.8,-73.717
A,mixture,1990s,8437.5,-73.753
A,mixture,1990s,8531.2,-74.545
A,mixture,1990s,8625.0,-74.462
A,mixture,1990s,8718.8,-74.815
A,mixture,1990s,8812.5,-74.274
A,mixture,1990s,8906.2,-74.478
A,mixture,1990s,9000.0,-74.802
A,mixture,1990s,9093.8,-75.005
A,mixture,1990s,9187.5,-75.255
A,mixture,1990s,9281.2,-74.932
A,mixture,1990s,9375.0,-75.436
A,mixture,1990s,9468.8,-75.474
A,mixture,1990s,9562.5,-75.582
A,mixture,1990s,9656.2,-74.89
A,mixture,1990s,9750.0,-75.43
A,mixture,1990s,9843.8,-76.369
A,mixture,1990s,9937.5,-76.103
A,mixture,1990s,10031.2,-76.575
A,mixture,1990s,10125.0,-76.892
A,mixture,1990s,10218.8,-76.94
A,mixture,1990s,10312.5,-77.221
A,mixture,1990s,10406.2,-77.267
A,mixture,1990s,10500.0,-77.816
A,mixture,1990s,10593.8,-77.821
A,mixture,1990s,10687.5,-78.752
A,mixture,1990s,10781.2,-79.683
A,mixture,1990s,10875.0,-80.063
A,mixture,1990s,10968.8,-80.619
A,mixture,1990s,11062.5,-81.496
A,mixture,1990s,11156.2,-82.728
A,mixture,1990s,11250.0,-83.988
A,mixture,1990s,11343.8,-84.804
A,mixture,1990s,11437.5,-86.121
A,mixture,1990s,11531.2,-87.334
A,mixture,1990s,11625.0,-89.307
A,mixture,1990s,11718.8,-90.936
A,mixture,1990s,11812.5,-91.996
A,mixture,1990s,11906.2,-93.645
A,mixture,1990s,12000.0,-98.453
A,vocals,1990s,0.0,-79.847
A,vocals,1990s,93.8,-79.756
A,vocals,1990s,187.5,-62.958
A,vocals,1990s,281.2,-58.373
A,vocals,1990s,375.0,-59.285
A,vocals,1990s,468.8,-60.814
A,vocals,1990s,562.5,-60.963
A,vocals,1990s,656.2,-59.031
A,vocals,1990s,750.0,-60.302
A,vocals,1990s,843.8,-63.258
A,vocals,1990s,937.5,-63.742
A,vocals,1990s,1031.2,-65.232
A,vocals,1990s,1125.0,-64.785
A,vocals,1990s,1218.8,-65.207
A,vocals,1990s,1312.5,-65.509
A,vocals,1990s,1406.2,-67.276
A,vocals,1990s,1500.0,-65.799
A,vocals,1990s,1593.8,-67.74
A,vocals,1990s,1687.5,-67.257
A,vocals,1990s,1781.2,-67.576
A,vocals,1990s,1875.0,-69.078
A,vocals,1990s,1968.8,-68.253
A,vocals,1990s,2062.5,-70.083
A,vocals,1990s,2156.2,-69.923
A,vocals,1990s,2250.0,-70.208
A,vocals,1990s,2343.8,-69.913
A,vocals,1990s,2437.5,-70.079
A,vocals,1990s,2531.2,-70.968
A,vocals,1990s,2625.0,-70.375
A,vocals,1990s,2718.8,-71.707
A,vocals,1990s,2812.5,-72.339
A,vocals,1990s,2906.2,-72.589
A,vocals,1990s,3000.0,-73.232
A,vocals,1990s,3093.8,-74.16
A,vocals,1990s,3187.5,-73.686
A,vocals,1990s,3281.2,-73.437
A,vocals,1990s,3375.0,-73.57
A,vocals,1990s,3468.8,-72.944
A,vocals,1990s,3562.5,-74.097
A,vocals,1990s,3656.2,-74.491
A,vocals,1990s,3750.0,-74.239
A,vocals,1990s,3843.8,-75.067
A,vocals,1990s,3937.5,-75.36
A,vocals,1990s,4031.2,-77.197
A,vocals,1990s,4125.0,-78.009
A,vocals,1990s,4218.8,-78.775
A,vocals,1990s,4312.5,-79.127
A,vocals,1990s,4406.2,-78.74
A,vocals,1990s,4500.0,-80.196
A,vocals,1990s,4593.8,-80.523
A,vocals,1990s,4687.5,-80.106
A,vocals,1990s,4781.2,-81.899
A,vocals,1990s,4875.0,-81.092
A,vocals,1990s,4968.8,-81.614
A,vocals,1990s,5062.5,-82.339
A,vocals,1990s,5156.2,-82.329
A,vocals,1990s,5250.0,-82.366
A,vocals,1990s,5343.8,-82.336
A,vocals,1990s,5437.5,-82.576
A,vocals,1990s,5531.2,-82.361
A,vocals,1990s,5625.0,-82.594
A,vocals,1990s,5718.8,-82.82
A,vocals,1990s,5812.5,-82.621
A,vocals,1990s,5906.2,-82.645
A,vocals,1990s,6000.0,-82.777
A,vocals,1990s,6093.8,-82.999
A,vocals,1990s,6187.5,-82.792
A,vocals,1990s,6281.2,-82.745
A,vocals,1990s,6375.0,-82.941
A,vocals,1990s,6468.8,-82.914
A,vocals,1990s,6562.5,-82.578
A,vocals,1990s,6656.2,-82.695
A,vocals,1990s,6750.0,-83.171
A,vocals,1990s,6843.8,-83.237
A,vocals,1990s,6937.5,-83.145
A,vocals,1990s,7031.2,-83.137
A,vocals,1990s,7125.0,-83.913
A,vocals,1990s,7218.8,-83.918
A,vocals,1990s,7312.5,-83.629
A,vocals,1990s,7406.2,-83.74
A,vocals,1990s,7500.0,-84.082
A,vocals,1990s,7593.8,-83.843
A,vocals,1990s,7687.5,-84.228
A,vocals,1990s,7781.2,-84.323
A,vocals,1990s,7875.0,-83.993
A,vocals,1990s,7968.8,-84.542
A,vocals,1990s,8062.5,-84.324
A,vocals,1990s,8156.2,-84.704
A,vocals,1990s,8250.0,-85.305
A,vocals,1990s,8343.8,-85.228
A,vocals,1990s,8437.5,-85.341
A,vocals,1990s,8531.2,-85.355
A,vocals,1990s,8625.0,-85.819
A,vocals,1990s,8718.8,-85.847
A,vocals,1990s,8812.5,-85.725
A,vocals,1990s,8906.2,-86.27
A,vocals,1990s,9000.0,-86.682
A,vocals,1990s,9093.8,-86.706
A,vocals,1990s,9187.5,-87.046
A,vocals,1990s,9281.2,-87.498
A,vocals,1990s,9375.0,-87.851
A,vocals,1990s,9468.8,-88.018
A,vocals,1990s,9562.5,-88.244
A,vocals,1990s,9656.2,-88.906
A,vocals,1990s,9750.0,-89.206
A,vocals,1990s,9843.8,-89.468
A,vocals,1990s,9937.5,-89.953
A,vocals,1990s,10031.2,-90.7
A,vocals,1990s,10125.0,-90.646
A,vocals,1990s,10218.8,-91.306
A,vocals,1990s,10312.5,-91.974
A,vocals,1990s,10406.2,-92.714
A,vocals,1990s,10500.0,-93.435
A,vocals,1990s,10593.8,-93.768
A,vocals,1990s,10687.5,-94.262
A,vocals,1990s,10781.2,-95.152
A,vocals,1990s,10875.0,-96.175
A,vocals,1990s,10968.8,-97.263
A,vocals,1990s,11062.5,-98.367
A,vocals,1990s,11156.2,-99.262
A,vocals,1990s,11250.0,-100.213
A,vocals,1990s,11343.8,-101.421
A,vocals,1990s,11437.5,-102.929
A,vocals,1990s,11531.2,-104.334
A,vocals,1990s,11625.0,-106.196
A,vocals,1990s,11718.8,-107.764
A,vocals,1990s,11812.5,-108.665
A,vocals,1990s,11906.2,-109.844
A,vocals,1990s,12000.0,-112.66
A,drums,1990s,0.0,-73.633
A,drums,1990s,93.8,-59.383
A,drums,1990s,187.5,-61.278
A,drums,1990s,281.2,-67.284
A,drums,1990s,375.0,-69.804
A,drums,1990s,468.8,-70.934
A,drums,1990s,562.5,-72.508
A,drums,1990s,656.2,-74.985
A,drums,1990s,750.0,-75.294
A,drums,1990s,843.8,-75.922
A,drums,1990s,937.5,-76.659
A,drums,1990s,1031.2,-77.886
A,drums,1990s,1125.0,-77.816
A,drums,1990s,1218.8,-78.242
A,drums,1990s,1312.5,-79.183
A,drums,1990s,1406.2,-78.873
A,drums,1990s,1500.0,-78.787
A,drums,1990s,1593.8,-78.758
A,drums,1990s,1687.5,-79.286
A,drums,1990s,1781.2,-79.116
A,drums,1990s,1875.0,-79.739
A,drums,1990s,1968.8,-80.154
A,drums,1990s,2062.5,-79.941
A,drums,1990s,2156.2,-79.457
A,drums,1990s,2250.0,-79.37
A,drums,1990s,2343.8,-79.719
A,drums,1990s,2437.5,-79.465
A,drums,1990s,2531.2,-79.001
A,drums,1990s,2625.0,-78.856
A,drums,1990s,2718.8,-78.658
A,drums,1990s,2812.5,-78.822
A,drums,1990s,2906.2,-78.648
A,drums,1990s,3000.0,-79.355
A,drums,1990s,3093.8,-78.289
A,drums,1990s,3187.5,-77.84
A,drums,1990s,3281.2,-77.476
A,drums,1990s,3375.0,-78.701
A,drums,1990s,3468.8,-77.671
A,drums,1990s,3562.5,-77.486
A,drums,1990s,3656.2,-77.976
A,drums,1990s,3750.0,-76.886
A,drums,1990s,3843.8,-76.452
A,drums,1990s,3937.5,-77.201
A,drums,1990s,4031.2,-76.354
A,drums,1990s,4125.0,-77.381
A,drums,1990s,4218.8,-76.889
A,drums,1990s,4312.5,-77.458
A,drums,1990s,4406.2,-77.23
A,drums,1990s,4500.0,-77.804
A,drums,1990s,4593.8,-77.599
A,drums,1990s,4687.5,-78.058
A,drums,1990s,4781.2,-77.894
A,drums,1990s,4875.0,-77.663
A,drums,1990s,4968.8,-78.369
A,drums,1990s,5062.5,-78.36
A,drums,1990s,5156.2,-77.196
A,drums,1990s,5250.0,-77.3
A,drums,1990s,5343.8,-77.998
A,drums,1990s,5437.5,-77.395
A,drums,1990s,5531.2,-77.774
A,drums,1990s,5625.0,-77.851
A,drums,1990s,5718.8,-78.326
A,drums,1990s,5812.5,-77.957
A,drums,1990s,5906.2,-78.093
A,drums,1990s,6000.0,-78.355
A,drums,1990s,6093.8,-78.028
A,drums,1990s,6187.5,-77.58
A,drums,1990s,6281.2,-78.59
A,drums,1990s,6375.0,-78.489
A,drums,1990s,6468.8,-79.048
A,drums,1990s,6562.5,-79.097
A,drums,1990s,6656.2,-78.416
A,drums,1990s,6750.0,-79.271
A,drums,1990s,6843.8,-79.67
A,drums,1990s,6937.5,-79.275
A,drums,1990s,7031.2,-79.621
A,drums,1990s,7125.0,-79.273
A,drums,1990s,7218.8,-80.239
A,drums,1990s,7312.5,-80.037
A,drums,1990s,7406.2,-80.241
A,drums,1990s,7500.0,-80.136
A,drums,1990s,7593.8,-80.713
A,drums,1990s,7687.5,-81.328
A,drums,1990s,7781.2,-81.381
A,drums,1990s,7875.0,-81.372
A,drums,1990s,7968.8,-80.929
A,drums,1990s,8062.5,-81.52
A,drums,1990s,8156.2,-81.676
A,drums,1990s,8250.0,-81.454
A,drums,1990s,8343.8,-81.76
A,drums,1990s,8437.5,-81.691
A,drums,1990s,8531.2,-82.444
A,drums,1990s,8625.0,-82.631
A,drums,1990s,8718.8,-82.729
A,drums,1990s,8812.5,-82.551
A,drums,1990s,8906.2,-82.776
A,drums,1990s,9000.0,-82.811
A,drums,1990s,9093.8,-82.956
A,drums,1990s,9187.5,-83.439
A,drums,1990s,9281.2,-83.568
A,drums,1990s,9375.0,-83.94
A,drums,1990s,9468.8,-83.757
A,drums,1990s,9562.5,-84.012
A,drums,1990s,9656.2,-83.735
A,drums,1990s,9750.0,-84.234
A,drums,1990s,9843.8,-85.353
A,drums,1990s,9937.5,-85.2
A,drums,1990s,10031.2,-85.413
A,drums,1990s,10125.0,-86.272
A,drums,1990s,10218.8,-86.176
A,drums,1990s,10312.5,-86.738
A,drums,1990s,10406.2,-86.677
A,drums,1990s,10500.0,-87.779
A,drums,1990s,10593.8,-88.0
A,drums,1990s,10687.5,-88.974
A,drums,1990s,10781.2,-89.816
A,drums,1990s,10875.0,-91.005
A,drums,1990s,10968.8,-91.38
A,drums,1990s,11062.5,-92.575
A,drums,1990s,11156.2,-94.032
A,drums,1990s,11250.0,-95.359
A,drums,1990s,11343.8,-96.484
A,drums,1990s,11437.5,-97.745
A,drums,1990s,11531.2,-99.454
A,drums,1990s,11625.0,-100.776
A,drums,1990s,11718.8,-102.165
A,drums,1990s,11812.5,-102.812
A,drums,1990s,11906.2,-104.171
A,drums,1990s,12000.0,-108.171
A,bass,1990s,0.0,-69.065
A,bass,1990s,93.8,-49.897
A,bass,1990s,187.5,-55.636
A,bass,1990s,281.2,-63.984
A,bass,1990s,375.0,-70.386
A,bass,1990s,468.8,-74.812
A,bass,1990s,562.5,-77.652
A,bass,1990s,656.2,-79.88
A,bass,1990s,750.0,-82.635
A,bass,1990s,843.8,-84.294
A,bass,1990s,937.5,-84.959
A,bass,1990s,1031.2,-87.792
A,bass,1990s,1125.0,-87.703
A,bass,1990s,1218.8,-89.161
A,bass,1990s,1312.5,-89.085
A,bass,1990s,1406.2,-89.896
A,bass,1990s,1500.0,-90.526
A,bass,1990s,1593.8,-90.464
A,bass,1990s,1687.5,-92.47
A,bass,1990s,1781.2,-92.07
A,bass,1990s,1875.0,-92.438
A,bass,1990s,1968.8,-93.003
A,bass,1990s,2062.5,-93.694
A,bass,1990s,2156.2,-94.446
A,bass,1990s,2250.0,-95.224
A,bass,1990s,2343.8,-94.909
A,bass,1990s,2437.5,-95.628
A,bass,1990s,2531.2,-96.021
A,bass,1990s,2625.0,-95.653
A,bass,1990s,2718.8,-97.02
A,bass,1990s,2812.5,-97.364
A,bass,1990s,2906.2,-97.928
A,bass,1990s,3000.0,-97.626
A,bass,1990s,3093.8,-98.041
A,bass,1990s,3187.5,-97.623
A,bass,1990s,3281.2,-98.252
A,bass,1990s,3375.0,-99.491
A,bass,1990s,3468.8,-99.09
A,bass,1990s,3562.5,-99.233
A,bass,1990s,3656.2,-99.589
A,bass,1990s,3750.0,-99.741
A,bass,1990s,3843.8,-100.556
A,bass,1990s,3937.5,-100.383
A,bass,1990s,4031.2,-101.407
A,bass,1990s,4125.0,-101.283
A,bass,1990s,4218.8,-101.07
A,bass,1990s,4312.5,-102.46
A,bass,1990s,4406.2,-103.139
A,bass,1990s,4500.0,-103.463
A,bass,1990s,4593.8,-103.951
A,bass,1990s,4687.5,-103.648
A,bass,1990s,4781.2,-104.756
A,bass,1990s,4875.0,-105.285
A,bass,1990s,4968.8,-105.108
A,bass,1990s,5062.5,-105.77
A,bass,1990s,5156.2,-104.912
A,bass,1990s,5250.0,-104.234
A,bass,1990s,5343.8,-105.346
A,bass,1990s,5437.5,-106.255
A,bass,1990s,5531.2,-107.136
A,bass,1990s,5625.0,-106.655
A,bass,1990s,5718.8,-106.339
A,bass,1990s,5812.5,-106.931
A,bass,1990s,5906.2,-107.203
A,bass,1990s,6000.0,-108.186
A,bass,1990s,6093.8,-108.213
A,bass,1990s,6187.5,-107.974
A,bass,1990s,6281.2,-107.508
A,bass,1990s,6375.0,-108.119
A,bass,1990s,6468.8,-108.697
A,bass,1990s,6562.5,-108.832
A,bass,1990s,6656.2,-108.623
A,bass,1990s,6750.0,-108.478
A,bass,1990s,6843.8,-108.691
A,bass,1990s,6937.5,-108.941
A,bass,1990s,7031.2,-109.176
A,bass,1990s,7125.0,-109.532
A,bass,1990s,7218.8,-109.28
A,bass,1990s,7312.5,-109.603
A,bass,1990s,7406.2,-109.437
A,bass,1990s,7500.0,-109.766
A,bass,1990s,7593.8,-110.093
A,bass,1990s,7687.5,-110.408
A,bass,1990s,7781.2,-109.84
A,bass,1990s,7875.0,-109.466
A,bass,1990s,7968.8,-109.342
A,bass,1990s,8062.5,-109.359
A,bass,1990s,8156.2,-109.7
A,bass,1990s,8250.0,-110.498
A,bass,1990s,8343.8,-109.173
A,bass,1990s,8437.5,-109.213
A,bass,1990s,8531.2,-110.779
A,bass,1990s,8625.0,-111.226
A,bass,1990s,8718.8,-111.829
A,bass,1990s,8812.5,-111.638
A,bass,1990s,8906.2,-111.255
A,bass,1990s,9000.0,-111.262
A,bass,1990s,9093.8,-111.679
A,bass,1990s,9187.5,-112.21
A,bass,1990s,9281.2,-112.543
A,bass,1990s,9375.0,-111.97
A,bass,1990s,9468.8,-111.616
A,bass,1990s,9562.5,-111.053
A,bass,1990s,9656.2,-108.952
A,bass,1990s,9750.0,-112.313
A,bass,1990s,9843.8,-112.429
A,bass,1990s,9937.5,-112.603
A,bass,1990s,10031.2,-112.7
A,bass,1990s,10125.0,-113.305
A,bass,1990s,10218.8,-113.517
A,bass,1990s,10312.5,-114.043
A,bass,1990s,10406.2,-113.549
A,bass,1990s,10500.0,-113.473
A,bass,1990s,10593.8,-113.685
A,bass,1990s,10687.5,-114.103
A,bass,1990s,10781.2,-114.167
A,bass,1990s,10875.0,-113.73
A,bass,1990s,10968.8,-113.848
A,bass,1990s,11062.5,-115.006
A,bass,1990s,11156.2,-115.031
A,bass,1990s,11250.0,-115.31
A,bass,1990s,11343.8,-116.216
A,bass,1990s,11437.5,-116.333
A,bass,1990s,11531.2,-116.181
A,bass,1990s,11625.0,-116.774
A,bass,1990s,11718.8,-116.39
A,bass,1990s,11812.5,-116.772
A,bass,1990s,11906.2,-116.959
A,bass,1990s,12000.0,-118.377
A,other,1990s,0.0,-75.119
A,other,1990s,93.8,-60.081
A,other,1990s,187.5,-55.077
A,other,1990s,281.2,-53.855
A,other,1990s,375.0,-55.412
A,other,1990s,468.8,-58.66
A,other,1990s,562.5,-58.032
A,other,1990s,656.2,-56.03
A,other,1990s,750.0,-59.768
A,other,1990s,843.8,-62.17
A,other,1990s,937.5,-61.594
A,other,1990s,1031.2,-64.103
A,other,1990s,1125.0,-63.029
A,other,1990s,1218.8,-65.679
A,other,1990s,1312.5,-58.945
A,other,1990s,1406.2,-64.618
A,other,1990s,1500.0,-64.779
A,other,1990s,1593.8,-65.933
A,other,1990s,1687.5,-66.943
A,other,1990s,1781.2,-63.712
A,other,1990s,1875.0,-64.287
A,other,1990s,1968.8,-62.513
A,other,1990s,2062.5,-67.195
A,other,1990s,2156.2,-69.391
A,other,1990s,2250.0,-68.321
A,other,1990s,2343.8,-65.055
A,other,1990s,2437.5,-68.743
A,other,1990s,2531.2,-71.448
A,other,1990s,2625.0,-67.481
A,other,1990s,2718.8,-72.203
A,other,1990s,2812.5,-70.579
A,other,1990s,2906.2,-72.34
A,other,1990s,3000.0,-71.775
A,other,1990s,3093.8,-72.33
A,other,1990s,3187.5,-73.48
A,other,1990s,3281.2,-72.406
A,other,1990s,3375.0,-75.265
A,other,1990s,3468.8,-73.884
A,other,1990s,3562.5,-73.64
A,other,1990s,3656.2,-74.829
A,other,1990s,3750.0,-73.981
A,other,1990s,3843.8,-76.543
A,other,1990s,3937.5,-73.18
A,other,1990s,4031.2,-78.26
A,other,1990s,4125.0,-77.422
A,other,1990s,4218.8,-77.734
A,other,1990s,4312.5,-78.105
A,other,1990s,4406.2,-77.371
A,other,1990s,4500.0,-79.594
A,other,1990s,4593.8,-80.365
A,other,1990s,4687.5,-78.237
A,other,1990s,4781.2,-81.242
A,other,1990s,4875.0,-81.682
A,other,1990s,4968.8,-79.77
A,other,1990s,5062.5,-83.791
A,other,1990s,5156.2,-83.657
A,other,1990s,5250.0,-80.972
A,other,1990s,5343.8,-83.338
A,other,1990s,5437.5,-84.749
A,other,1990s,5531.2,-84.587
A,other,1990s,5625.0,-83.912
A,other,1990s,5718.8,-85.497
A,other,1990s,5812.5,-86.177
A,other,1990s,5906.2,-83.634
A,other,1990s,6000.0,-86.174
A,other,1990s,6093.8,-88.357
A,other,1990s,6187.5,-88.027
A,other,1990s,6281.2,-86.536
A,other,1990s,6375.0,-88.686
A,other,1990s,6468.8,-89.127
A,other,1990s,6562.5,-90.345
A,other,1990s,6656.2,-88.977
A,other,1990s,6750.0,-91.695
A,other,1990s,6843.8,-92.397
A,other,1990s,6937.5,-91.13
A,other,1990s,7031.2,-89.701
A,other,1990s,7125.0,-90.045
A,other,1990s,7218.8,-92.763
A,other,1990s,7312.5,-91.992
A,other,1990s,7406.2,-91.374
A,other,1990s,7500.0,-91.469
A,other,1990s,7593.8,-92.173
A,other,1990s,7687.5,-92.624
A,other,1990s,7781.2,-92.699
A,other,1990s,7875.0,-91.808
A,other,1990s,7968.8,-91.765
A,other,1990s,8062.5,-93.53
A,other,1990s,8156.2,-94.125
A,other,1990s,8250.0,-93.698
A,other,1990s,8343.8,-93.056
A,other,1990s,8437.5,-93.9
A,other,1990s,8531.2,-95.119
A,other,1990s,8625.0,-93.968
A,other,1990s,8718.8,-95.234
A,other,1990s,8812.5,-93.821
A,other,1990s,8906.2,-93.998
A,other,1990s,9000.0,-95.242
A,other,1990s,9093.8,-96.465
A,other,1990s,9187.5,-95.877
A,other,1990s,9281.2,-95.54
A,other,1990s,9375.0,-95.521
A,other,1990s,9468.8,-96.663
A,other,1990s,9562.5,-97.484
A,other,1990s,9656.2,-96.376
A,other,1990s,9750.0,-97.736
A,other,1990s,9843.8,-97.069
A,other,1990s,9937.5,-96.555
A,other,1990s,10031.2,-97.958
A,other,1990s,10125.0,-99.233
A,other,1990s,10218.8,-99.21
A,other,1990s,10312.5,-99.354
A,other,1990s,10406.2,-100.063
A,other,1990s,10500.0,-100.294
A,other,1990s,10593.8,-100.343
A,other,1990s,10687.5,-101.995
A,other,1990s,10781.2,-102.778
A,other,1990s,10875.0,-102.751
A,other,1990s,10968.8,-104.642
A,other,1990s,11062.5,-105.577
A,other,1990s,11156.2,-105.596
A,other,1990s,11250.0,-106.779
A,other,1990s,11343.8,-108.174
A,other,1990s,11437.5,-109.485
A,other,1990s,11531.2,-110.57
A,other,1990s,11625.0,-111.197
A,other,1990s,11718.8,-112.234
A,other,1990s,11812.5,-113.2
A,other,1990s,11906.2,-114.198
A,other,1990s,12000.0,-116.512
A,mixture,2000s,0.0,-56.399
A,mixture,2000s,93.8,-36.892
A,mixture,2000s,187.5,-40.871
A,mixture,2000s,281.2,-43.632
A,mixture,2000s,375.0,-44.446
A,mixture,2000s,468.8,-45.874
A,mixture,2000s,562.5,-47.406
A,mixture,2000s,656.2,-46.628
A,mixture,2000s,750.0,-48.068
A,mixture,2000s,843.8,-49.774
A,mixture,2000s,937.5,-50.227
A,mixture,2000s,1031.2,-51.736
A,mixture,2000s,1125.0,-53.596
A,mixture,2000s,1218.8,-53.682
A,mixture,2000s,1312.5,-50.734
A,mixture,2000s,1406.2,-53.237
A,mixture,2000s,1500.0,-54.166
A,mixture,2000s,1593.8,-54.406
A,mixture,2000s,1687.5,-56.497
A,mixture,2000s,1781.2,-54.394
A,mixture,2000s,1875.0,-55.187
A,mixture,2000s,1968.8,-53.678
A,mixture,2000s,2062.5,-56.183
A,mixture,2000s,2156.2,-58.389
A,mixture,2000s,2250.0,-57.909
A,mixture,2000s,2343.8,-55.523
A,mixture,2000s,2437.5,-58.13
A,mixture,2000s,2531.2,-58.371
A,mixture,2000s,2625.0,-57.049
A,mixture,2000s,2718.8,-59.43
A,mixture,2000s,2812.5,-58.74
A,mixture,2000s,2906.2,-59.528
A,mixture,2000s,3000.0,-59.848
A,mixture,2000s,3093.8,-59.54
A,mixture,2000s,3187.5,-59.633
A,mixture,2000s,3281.2,-59.731
A,mixture,2000s,3375.0,-60.409
A,mixture,2000s,3468.8,-60.406
A,mixture,2000s,3562.5,-60.252
A,mixture,2000s,3656.2,-61.083
A,mixture,2000s,3750.0,-60.716
A,mixture,2000s,3843.8,-61.312
A,mixture,2000s,3937.5,-61.021
A,mixture,2000s,4031.2,-62.731
A,mixture,2000s,4125.0,-62.898
A,mixture,2000s,4218.8,-62.907
A,mixture,2000s,4312.5,-63.616
A,mixture,2000s,4406.2,-63.587
A,mixture,2000s,4500.0,-63.814
A,mixture,2000s,4593.8,-64.251
A,mixture,2000s,4687.5,-63.525
A,mixture,2000s,4781.2,-64.571
A,mixture,2000s,4875.0,-64.338
A,mixture,2000s,4968.8,-64.313
A,mixture,2000s,5062.5,-65.075
A,mixture,2000s,5156.2,-65.221
A,mixture,2000s,5250.0,-64.674
A,mixture,2000s,5343.8,-64.899
A,mixture,2000s,5437.5,-65.613
A,mixture,2000s,5531.2,-65.276
A,mixture,2000s,5625.0,-65.398
A,mixture,2000s,5718.8,-65.77
A,mixture,2000s,5812.5,-66.165
A,mixture,2000s,5906.2,-65.758
A,mixture,2000s,6000.0,-66.106
A,mixture,2000s,6093.8,-66.524
A,mixture,2000s,6187.5,-66.158
A,mixture,2000s,6281.2,-66.338
A,mixture,2000s,6375.0,-66.747
A,mixture,2000s,6468.8,-67.01
A,mixture,2000s,6562.5,-66.128
A,mixture,2000s,6656.2,-67.075
A,mixture,2000s,6750.0,-67.07
A,mixture,2000s,6843.8,-66.946
A,mixture,2000s,6937.5,-67.138
A,mixture,2000s,7031.2,-67.02
A,mixture,2000s,7125.0,-67.411
A,mixture,2000s,7218.8,-67.257
A,mixture,2000s,7312.5,-67.578
A,mixture,2000s,7406.2,-67.555
A,mixture,2000s,7500.0,-67.867
A,mixture,2000s,7593.8,-68.445
A,mixture,2000s,7687.5,-68.287
A,mixture,2000s,7781.2,-68.384
A,mixture,2000s,7875.0,-68.426
A,mixture,2000s,7968.8,-68.961
A,mixture,2000s,8062.5,-69.323
A,mixture,2000s,8156.2,-69.273
A,mixture,2000s,8250.0,-69.132
A,mixture,2000s,8343.8,-69.03
A,mixture,2000s,8437.5,-69.67
A,mixture,2000s,8531.2,-69.398
A,mixture,2000s,8625.0,-69.585
A,mixture,2000s,8718.8,-69.393
A,mixture,2000s,8812.5,-70.027
A,mixture,2000s,8906.2,-69.949
A,mixture,2000s,9000.0,-70.257
A,mixture,2000s,9093.8,-69.884
A,mixture,2000s,9187.5,-70.149
A,mixture,2000s,9281.2,-70.308
A,mixture,2000s,9375.0,-70.459
A,mixture,2000s,9468.8,-70.588
A,mixture,2000s,9562.5,-70.787
A,mixture,2000s,9656.2,-70.648
A,mixture,2000s,9750.0,-70.754
A,mixture,2000s,9843.8,-71.388
A,mixture,2000s,9937.5,-70.908
A,mixture,2000s,10031.2,-70.977
A,mixture,2000s,10125.0,-71.486
A,mixture,2000s,10218.8,-71.84
A,mixture,2000s,10312.5,-71.719
A,mixture,2000s,10406.2,-72.295
A,mixture,2000s,10500.0,-72.797
A,mixture,2000s,10593.8,-73.731
A,mixture,2000s,10687.5,-73.928
A,mixture,2000s,10781.2,-74.352
A,mixture,2000s,10875.0,-74.827
A,mixture,2000s,10968.8,-76.022
A,mixture,2000s,11062.5,-76.652
A,mixture,2000s,11156.2,-77.836
A,mixture,2000s,11250.0,-79.102
A,mixture,2000s,11343.8,-79.999
A,mixture,2000s,11437.5,-81.484
A,mixture,2000s,11531.2,-83.003
A,mixture,2000s,11625.0,-84.254
A,mixture,2000s,11718.8,-85.79
A,mixture,2000s,11812.5,-87.329
A,mixture,2000s,11906.2,-88.412
A,mixture,2000s,12000.0,-92.788
A,vocals,2000s,0.0,-76.329
A,vocals,2000s,93.8,-75.786
A,vocals,2000s,187.5,-60.719
A,vocals,2000s,281.2,-54.758
A,vocals,2000s,375.0,-54.086
A,vocals,2000s,468.8,-56.11
A,vocals,2000s,562.5,-55.986
A,vocals,2000s,656.2,-56.637
A,vocals,2000s,750.0,-56.858
A,vocals,2000s,843.8,-58.047
A,vocals,2000s,937.5,-60.461
A,vocals,2000s,1031.2,-60.869
A,vocals,2000s,1125.0,-61.424
A,vocals,2000s,1218.8,-62.397
A,vocals,2000s,1312.5,-61.746
A,vocals,2000s,1406.2,-62.449
A,vocals,2000s,1500.0,-62.323
A,vocals,2000s,1593.8,-62.951
A,vocals,2000s,1687.5,-64.52
A,vocals,2000s,1781.2,-63.618
A,vocals,2000s,1875.0,-65.055
A,vocals,2000s,1968.8,-64.132
A,vocals,2000s,2062.5,-64.884
A,vocals,2000s,2156.2,-67.291
A,vocals,2000s,2250.0,-66.936
A,vocals,2000s,2343.8,-65.629
A,vocals,2000s,2437.5,-67.213
A,vocals,2000s,2531.2,-67.186
A,vocals,2000s,2625.0,-66.261
A,vocals,2000s,2718.8,-68.395
A,vocals,2000s,2812.5,-68.385
A,vocals,2000s,2906.2,-68.438
A,vocals,2000s,3000.0,-68.822
A,vocals,2000s,3093.8,-68.885
A,vocals,2000s,3187.5,-69.193
A,vocals,2000s,3281.2,-68.606
A,vocals,2000s,3375.0,-69.194
A,vocals,2000s,3468.8,-69.074
A,vocals,2000s,3562.5,-69.452
A,vocals,2000s,3656.2,-70.245
A,vocals,2000s,3750.0,-69.882
A,vocals,2000s,3843.8,-70.593
A,vocals,2000s,3937.5,-70.268
A,vocals,2000s,4031.2,-72.151
A,vocals,2000s,4125.0,-72.261
A,vocals,2000s,4218.8,-73.638
A,vocals,2000s,4312.5,-74.377
A,vocals,2000s,4406.2,-73.593
A,vocals,2000s,4500.0,-74.645
A,vocals,2000s,4593.8,-75.369
A,vocals,2000s,4687.5,-75.441
A,vocals,2000s,4781.2,-75.931
A,vocals,2000s,4875.0,-75.979
A,vocals,2000s,4968.8,-76.192
A,vocals,2000s,5062.5,-76.912
A,vocals,2000s,5156.2,-76.756
A,vocals,2000s,5250.0,-75.999
A,vocals,2000s,5343.8,-76.737
A,vocals,2000s,5437.5,-76.893
A,vocals,2000s,5531.2,-76.301
A,vocals,2000s,5625.0,-76.897
A,vocals,2000s,5718.8,-77.274
A,vocals,2000s,5812.5,-77.289
A,vocals,2000s,5906.2,-76.842
A,vocals,2000s,6000.0,-77.388
A,vocals,2000s,6093.8,-77.363
A,vocals,2000s,6187.5,-76.904
A,vocals,2000s,6281.2,-77.349
A,vocals,2000s,6375.0,-77.018
A,vocals,2000s,6468.8,-77.119
A,vocals,2000s,6562.5,-76.997
A,vocals,2000s,6656.2,-77.049
A,vocals,2000s,6750.0,-77.306
A,vocals,2000s,6843.8,-77.239
A,vocals,2000s,6937.5,-77.21
A,vocals,2000s,7031.2,-76.63
A,vocals,2000s,7125.0,-77.265
A,vocals,2000s,7218.8,-77.245
A,vocals,2000s,7312.5,-77.607
A,vocals,2000s,7406.2,-77.149
A,vocals,2000s,7500.0,-77.335
A,vocals,2000s,7593.8,-77.682
A,vocals,2000s,7687.5,-78.411
A,vocals,2000s,7781.2,-78.042
A,vocals,2000s,7875.0,-77.476
A,vocals,2000s,7968.8,-78.266
A,vocals,2000s,8062.5,-78.851
A,vocals,2000s,8156.2,-78.121
A,vocals,2000s,8250.0,-78.617
A,vocals,2000s,8343.8,-78.304
A,vocals,2000s,8437.5,-78.813
A,vocals,2000s,8531.2,-78.568
A,vocals,2000s,8625.0,-78.792
A,vocals,2000s,8718.8,-78.972
A,vocals,2000s,8812.5,-79.138
A,vocals,2000s,8906.2,-79.241
A,vocals,2000s,9000.0,-79.906
A,vocals,2000s,9093.8,-79.882
A,vocals,2000s,9187.5,-80.041
A,vocals,2000s,9281.2,-80.624
A,vocals,2000s,9375.0,-81.141
A,vocals,2000s,9468.8,-81.376
A,vocals,2000s,9562.5,-81.51
A,vocals,2000s,9656.2,-82.021
A,vocals,2000s,9750.0,-82.455
A,vocals,2000s,9843.8,-83.006
A,vocals,2000s,9937.5,-83.389
A,vocals,2000s,10031.2,-83.924
A,vocals,2000s,10125.0,-84.579
A,vocals,2000s,10218.8,-84.586
A,vocals,2000s,10312.5,-85.464
A,vocals,2000s,10406.2,-86.239
A,vocals,2000s,10500.0,-87.23
A,vocals,2000s,10593.8,-87.833
A,vocals,2000s,10687.5,-88.494
A,vocals,2000s,10781.2,-89.318
A,vocals,2000s,10875.0,-90.112
A,vocals,2000s,10968.8,-91.458
A,vocals,2000s,11062.5,-92.362
A,vocals,2000s,11156.2,-93.475
A,vocals,2000s,11250.0,-94.655
A,vocals,2000s,11343.8,-95.82
A,vocals,2000s,11437.5,-97.183
A,vocals,2000s,11531.2,-98.847
A,vocals,2000s,11625.0,-100.166
A,vocals,2000s,11718.8,-101.693
A,vocals,2000s,11812.5,-103.144
A,vocals,2000s,11906.2,-104.481
A,vocals,2000s,12000.0,-107.599
A,drums,2000s,0.0,-64.782
A,drums,2000s,93.8,-48.921
A,drums,2000s,187.5,-51.588
A,drums,2000s,281.2,-59.124
A,drums,2000s,375.0,-61.416
A,drums,2000s,468.8,-62.129
A,drums,2000s,562.5,-64.804
A,drums,2000s,656.2,-67.477
A,drums,2000s,750.0,-66.995
A,drums,2000s,843.8,-67.883
A,drums,2000s,937.5,-68.226
A,drums,2000s,1031.2,-69.662
A,drums,2000s,1125.0,-69.415
A,drums,2000s,1218.8,-69.902
A,drums,2000s,1312.5,-71.063
A,drums,2000s,1406.2,-70.572
A,drums,2000s,1500.0,-70.456
A,drums,2000s,1593.8,-70.748
A,drums,2000s,1687.5,-71.155
A,drums,2000s,1781.2,-71.692
A,drums,2000s,1875.0,-71.802
A,drums,2000s,1968.8,-72.437
A,drums,2000s,2062.5,-72.178
A,drums,2000s,2156.2,-71.774
A,drums,2000s,2250.0,-72.037
A,drums,2000s,2343.8,-72.832
A,drums,2000s,2437.5,-72.494
A,drums,2000s,2531.2,-71.981
A,drums,2000s,2625.0,-72.547
A,drums,2000s,2718.8,-71.959
A,drums,2000s,2812.5,-72.327
A,drums,2000s,2906.2,-71.743
A,drums,2000s,3000.0,-72.185
A,drums,2000s,3093.8,-70.913
A,drums,2000s,3187.5,-71.385
A,drums,2000s,3281.2,-71.554
A,drums,2000s,3375.0,-71.697
A,drums,2000s,3468.8,-71.606
A,drums,2000s,3562.5,-71.243
A,drums,2000s,3656.2,-70.982
A,drums,2000s,3750.0,-70.955
A,drums,2000s,3843.8,-70.481
A,drums,2000s,3937.5,-71.437
A,drums,2000s,4031.2,-70.865
A,drums,2000s,4125.0,-70.577
A,drums,2000s,4218.8,-70.672
A,drums,2000s,4312.5,-70.37
A,drums,2000s,4406.2,-70.857
A,drums,2000s,4500.0,-70.407
A,drums,2000s,4593.8,-70.828
A,drums,2000s,4687.5,-70.456
A,drums,2000s,4781.2,-70.603
A,drums,2000s,4875.0,-70.29
A,drums,2000s,4968.8,-71.228
A,drums,2000s,5062.5,-70.536
A,drums,2000s,5156.2,-70.817
A,drums,2000s,5250.0,-70.538
A,drums,2000s,5343.8,-70.334
A,drums,2000s,5437.5,-70.855
A,drums,2000s,5531.2,-70.801
A,drums,2000s,5625.0,-71.133
A,drums,2000s,5718.8,-71.466
A,drums,2000s,5812.5,-71.694
A,drums,2000s,5906.2,-71.407
A,drums,2000s,6000.0,-71.578
A,drums,2000s,6093.8,-71.703
A,drums,2000s,6187.5,-71.623
A,drums,2000s,6281.2,-71.821
A,drums,2000s,6375.0,-72.145
A,drums,2000s,6468.8,-72.175
A,drums,2000s,6562.5,-71.663
A,drums,2000s,6656.2,-72.478
A,drums,2000s,6750.0,-72.235
A,drums,2000s,6843.8,-71.848
A,drums,2000s,6937.5,-72.372
A,drums,2000s,7031.2,-72.691
A,drums,2000s,7125.0,-73.033
A,drums,2000s,7218.8,-72.469
A,drums,2000s,7312.5,-73.095
A,drums,2000s,7406.2,-73.043
A,drums,2000s,7500.0,-73.599
A,drums,2000s,7593.8,-73.645
A,drums,2000s,7687.5,-73.434
A,drums,2000s,7781.2,-74.097
A,drums,2000s,7875.0,-74.064
A,drums,2000s,7968.8,-74.519
A,drums,2000s,8062.5,-74.596
A,drums,2000s,8156.2,-75.061
A,drums,2000s,8250.0,-74.649
A,drums,2000s,8343.8,-75.298
A,drums,2000s,8437.5,-75.366
A,drums,2000s,8531.2,-75.224
A,drums,2000s,8625.0,-75.262
A,drums,2000s,8718.8,-75.384
A,drums,2000s,8812.5,-76.038
A,drums,2000s,8906.2,-76.225
A,drums,2000s,9000.0,-76.066
A,drums,2000s,9093.8,-75.669
A,drums,2000s,9187.5,-76.135
A,drums,2000s,9281.2,-76.2
A,drums,2000s,9375.0,-76.875
A,drums,2000s,9468.8,-76.706
A,drums,2000s,9562.5,-76.689
A,drums,2000s,9656.2,-76.971
A,drums,2000s,9750.0,-77.018
A,drums,2000s,9843.8,-78.417
A,drums,2000s,9937.5,-78.238
A,drums,2000s,10031.2,-77.999
A,drums,2000s,10125.0,-78.716
A,drums,2000s,10218.8,-79.469
A,drums,2000s,10312.5,-79.439
A,drums,2000s,10406.2,-80.325
A,drums,2000s,10500.0,-81.183
A,drums,2000s,10593.8,-82.309
A,drums,2000s,10687.5,-82.852
A,drums,2000s,10781.2,-83.799
A,drums,2000s,10875.0,-84.422
A,drums,2000s,10968.8,-85.943
A,drums,2000s,11062.5,-86.916
A,drums,2000s,11156.2,-88.432
A,drums,2000s,11250.0,-89.692
A,drums,2000s,11343.8,-90.993
A,drums,2000s,11437.5,-92.659
A,drums,2000s,11531.2,-94.338
A,drums,2000s,11625.0,-95.609
A,drums,2000s,11718.8,-96.892
A,drums,2000s,11812.5,-98.25
A,drums,2000s,11906.2,-99.278
A,drums,2000s,12000.0,-103.319
A,bass,2000s,0.0,-62.248
A,bass,2000s,93.8,-41.129
A,bass,2000s,187.5,-50.471
A,bass,2000s,281.2,-60.24
A,bass,2000s,375.0,-66.988
A,bass,2000s,468.8,-71.59
A,bass,2000s,562.5,-75.567
A,bass,2000s,656.2,-77.462
A,bass,2000s,750.0,-79.262
A,bass,2000s,843.8,-80.911
A,bass,2000s,937.5,-81.908
A,bass,2000s,1031.2,-83.963
A,bass,2000s,1125.0,-84.363
A,bass,2000s,1218.8,-85.943
A,bass,2000s,1312.5,-85.974
A,bass,2000s,1406.2,-86.421
A,bass,2000s,1500.0,-87.796
A,bass,2000s,1593.8,-87.923
A,bass,2000s,1687.5,-88.99
A,bass,2000s,1781.2,-89.037
A,bass,2000s,1875.0,-89.5
A,bass,2000s,1968.8,-89.905
A,bass,2000s,2062.5,-90.236
A,bass,2000s,2156.2,-91.17
A,bass,2000s,2250.0,-91.957
A,bass,2000s,2343.8,-92.094
A,bass,2000s,2437.5,-92.589
A,bass,2000s,2531.2,-92.699
A,bass,2000s,2625.0,-92.794
A,bass,2000s,2718.8,-94.17
A,bass,2000s,2812.5,-93.864
A,bass,2000s,2906.2,-94.387
A,bass,2000s,3000.0,-94.602
A,bass,2000s,3093.8,-94.359
A,bass,2000s,3187.5,-95.18
A,bass,2000s,3281.2,-95.286
A,bass,2000s,3375.0,-96.411
A,bass,2000s,3468.8,-96.411
A,bass,2000s,3562.5,-95.986
A,bass,2000s,3656.2,-96.269
A,bass,2000s,3750.0,-96.579
A,bass,2000s,3843.8,-97.051
A,bass,2000s,3937.5,-97.211
A,bass,2000s,4031.2,-98.667
A,bass,2000s,4125.0,-98.079
A,bass,2000s,4218.8,-98.125
A,bass,2000s,4312.5,-98.962
A,bass,2000s,4406.2,-100.188
A,bass,2000s,4500.0,-99.96
A,bass,2000s,4593.8,-100.476
A,bass,2000s,4687.5,-99.606
A,bass,2000s,4781.2,-101.159
A,bass,2000s,4875.0,-101.489
A,bass,2000s,4968.8,-101.336
A,bass,2000s,5062.5,-101.793
A,bass,2000s,5156.2,-102.019
A,bass,2000s,5250.0,-101.23
A,bass,2000s,5343.8,-102.34
A,bass,2000s,5437.5,-102.725
A,bass,2000s,5531.2,-103.695
A,bass,2000s,5625.0,-103.619
A,bass,2000s,5718.8,-103.155
A,bass,2000s,5812.5,-103.923
A,bass,2000s,5906.2,-103.999
A,bass,2000s,6000.0,-104.678
A,bass,2000s,6093.8,-105.301
A,bass,2000s,6187.5,-104.995
A,bass,2000s,6281.2,-104.573
A,bass,2000s,6375.0,-105.261
A,bass,2000s,6468.8,-105.684
A,bass,2000s,6562.5,-105.343
A,bass,2000s,6656.2,-105.935
A,bass,2000s,6750.0,-104.888
A,bass,2000s,6843.8,-104.86
A,bass,2000s,6937.5,-105.427
A,bass,2000s,7031.2,-106.033
A,bass,2000s,7125.0,-106.786
A,bass,2000s,7218.8,-106.105
A,bass,2000s,7312.5,-106.293
A,bass,2000s,7406.2,-106.13
A,bass,2000s,7500.0,-106.74
A,bass,2000s,7593.8,-107.072
A,bass,2000s,7687.5,-107.398
A,bass,2000s,7781.2,-106.247
A,bass,2000s,7875.0,-106.39
A,bass,2000s,7968.8,-106.524
A,bass,2000s,8062.5,-106.282
A,bass,2000s,8156.2,-106.553
A,bass,2000s,8250.0,-107.695
A,bass,2000s,8343.8,-106.047
A,bass,2000s,8437.5,-106.314
A,bass,2000s,8531.2,-107.343
A,bass,2000s,8625.0,-108.33
A,bass,2000s,8718.8,-109.06
A,bass,2000s,8812.5,-108.841
A,bass,2000s,8906.2,-108.36
A,bass,2000s,9000.0,-108.652
A,bass,2000s,9093.8,-108.607
A,bass,2000s,9187.5,-109.386
A,bass,2000s,9281.2,-109.769
A,bass,2000s,9375.0,-109.299
A,bass,2000s,9468.8,-108.514
A,bass,2000s,9562.5,-108.262
A,bass,2000s,9656.2,-105.817
A,bass,2000s,9750.0,-108.916
A,bass,2000s,9843.8,-109.533
A,bass,2000s,9937.5,-109.719
A,bass,2000s,10031.2,-109.626
A,bass,2000s,10125.0,-110.222
A,bass,2000s,10218.8,-111.126
A,bass,2000s,10312.5,-111.273
A,bass,2000s,10406.2,-111.064
A,bass,2000s,10500.0,-111.097
A,bass,2000s,10593.8,-111.631
A,bass,2000s,10687.5,-111.939
A,bass,2000s,10781.2,-112.092
A,bass,2000s,10875.0,-110.944
A,bass,2000s,10968.8,-111.455
A,bass,2000s,11062.5,-112.69
A,bass,2000s,11156.2,-112.593
A,bass,2000s,11250.0,-113.402
A,bass,2000s,11343.8,-114.489
A,bass,2000s,11437.5,-114.879
A,bass,2000s,11531.2,-114.917
A,bass,2000s,11625.0,-115.611
A,bass,2000s,11718.8,-114.592
A,bass,2000s,11812.5,-115.691
A,bass,2000s,11906.2,-116.04
A,bass,2000s,12000.0,-117.52
A,other,2000s,0.0,-71.62
A,other,2000s,93.8,-54.396
A,other,2000s,187.5,-50.17
A,other,2000s,281.2,-51.196
A,other,2000s,375.0,-51.7
A,other,2000s,468.8,-54.52
A,other,2000s,562.5,-56.415
A,other,2000s,656.2,-54.119
A,other,2000s,750.0,-57.126
A,other,2000s,843.8,-60.291
A,other,2000s,937.5,-58.908
A,other,2000s,1031.2,-61.512
A,other,2000s,1125.0,-62.896
A,other,2000s,1218.8,-63.386
A,other,2000s,1312.5,-56.5
A,other,2000s,1406.2,-61.611
A,other,2000s,1500.0,-63.915
A,other,2000s,1593.8,-64.627
A,other,2000s,1687.5,-66.339
A,other,2000s,1781.2,-62.45
A,other,2000s,1875.0,-62.562
A,other,2000s,1968.8,-60.801
A,other,2000s,2062.5,-65.201
A,other,2000s,2156.2,-68.787
A,other,2000s,2250.0,-66.572
A,other,2000s,2343.8,-63.7
A,other,2000s,2437.5,-68.835
A,other,2000s,2531.2,-69.331
A,other,2000s,2625.0,-67.046
A,other,2000s,2718.8,-70.641
A,other,2000s,2812.5,-67.472
A,other,2000s,2906.2,-70.378
A,other,2000s,3000.0,-71.177
A,other,2000s,3093.8,-71.608
A,other,2000s,3187.5,-71.233
A,other,2000s,3281.2,-71.846
A,other,2000s,3375.0,-73.851
A,other,2000s,3468.8,-74.039
A,other,2000s,3562.5,-72.429
A,other,2000s,3656.2,-75.754
A,other,2000s,3750.0,-73.103
A,other,2000s,3843.8,-75.829
A,other,2000s,3937.5,-73.567
A,other,2000s,4031.2,-76.865
A,other,2000s,4125.0,-77.96
A,other,2000s,4218.8,-76.526
A,other,2000s,4312.5,-76.817
A,other,2000s,4406.2,-78.446
A,other,2000s,4500.0,-78.722
A,other,2000s,4593.8,-80.226
A,other,2000s,4687.5,-77.223
A,other,2000s,4781.2,-80.626
A,other,2000s,4875.0,-80.973
A,other,2000s,4968.8,-78.667
A,other,2000s,5062.5,-82.025
A,other,2000s,5156.2,-82.16
A,other,2000s,5250.0,-82.159
A,other,2000s,5343.8,-82.921
A,other,2000s,5437.5,-84.171
A,other,2000s,5531.2,-84.208
A,other,2000s,5625.0,-83.853
A,other,2000s,5718.8,-86.141
A,other,2000s,5812.5,-86.763
A,other,2000s,5906.2,-84.333
A,other,2000s,6000.0,-87.259
A,other,2000s,6093.8,-88.869
A,other,2000s,6187.5,-88.699
A,other,2000s,6281.2,-87.357
A,other,2000s,6375.0,-89.648
A,other,2000s,6468.8,-90.778
A,other,2000s,6562.5,-89.441
A,other,2000s,6656.2,-89.804
A,other,2000s,6750.0,-90.537
A,other,2000s,6843.8,-90.594
A,other,2000s,6937.5,-91.54
A,other,2000s,7031.2,-89.742
A,other,2000s,7125.0,-91.63
A,other,2000s,7218.8,-92.95
A,other,2000s,7312.5,-92.647
A,other,2000s,7406.2,-91.97
A,other,2000s,7500.0,-91.062
A,other,2000s,7593.8,-93.085
A,other,2000s,7687.5,-93.117
A,other,2000s,7781.2,-92.051
A,other,2000s,7875.0,-91.981
A,other,2000s,7968.8,-92.499
A,other,2000s,8062.5,-94.479
A,other,2000s,8156.2,-93.977
A,other,2000s,8250.0,-94.786
A,other,2000s,8343.8,-93.992
A,other,2000s,8437.5,-93.507
A,other,2000s,8531.2,-94.629
A,other,2000s,8625.0,-94.43
A,other,2000s,8718.8,-95.39
A,other,2000s,8812.5,-95.111
A,other,2000s,8906.2,-94.223
A,other,2000s,9000.0,-94.862
A,other,2000s,9093.8,-95.283
A,other,2000s,9187.5,-96.531
A,other,2000s,9281.2,-96.211
A,other,2000s,9375.0,-96.268
A,other,2000s,9468.8,-96.27
A,other,2000s,9562.5,-97.846
A,other,2000s,9656.2,-95.972
A,other,2000s,9750.0,-98.438
A,other,2000s,9843.8,-97.705
A,other,2000s,9937.5,-97.4
A,other,2000s,10031.2,-97.768
A,other,2000s,10125.0,-98.884
A,other,2000s,10218.8,-99.935
A,other,2000s,10312.5,-98.719
A,other,2000s,10406.2,-99.747
A,other,2000s,10500.0,-99.468
A,other,2000s,10593.8,-101.323
A,other,2000s,10687.5,-101.565
A,other,2000s,10781.2,-102.784
A,other,2000s,10875.0,-102.802
A,other,2000s,10968.8,-104.572
A,other,2000s,11062.5,-105.531
A,other,2000s,11156.2,-106.031
A,other,2000s,11250.0,-107.138
A,other,2000s,11343.8,-108.314
A,other,2000s,11437.5,-109.796
A,other,2000s,11531.2,-110.207
A,other,2000s,11625.0,-111.451
A,other,2000s,11718.8,-111.43
A,other,2000s,11812.5,-112.788
A,other,2000s,11906.2,-113.551
A,other,2000s,12000.0,-116.086
A,mixture,2010s,0.0,-56.861
A,mixture,2010s,93.8,-37.68
A,mixture,2010s,187.5,-39.797
A,mixture,2010s,281.2,-42.325
A,mixture,2010s,375.0,-43.556
A,mixture,2010s,468.8,-45.979
A,mixture,2010s,562.5,-46.771
A,mixture,2010s,656.2,-45.627
A,mixture,2010s,750.0,-47.762
A,mixture,2010s,843.8,-51.341
A,mixture,2010s,937.5,-49.844
A,mixture,2010s,1031.2,-51.331
A,mixture,2010s,1125.0,-52.888
A,mixture,2010s,1218.8,-55.061
A,mixture,2010s,1312.5,-50.643
A,mixture,2010s,1406.2,-53.163
A,mixture,2010s,1500.0,-55.285
A,mixture,2010s,1593.8,-56.336
A,mixture,2010s,1687.5,-56.829
A,mixture,2010s,1781.2,-55.446
A,mixture,2010s,1875.0,-54.925
A,mixture,2010s,1968.8,-54.423
A,mixture,2010s,2062.5,-56.369
A,mixture,2010s,2156.2,-58.615
A,mixture,2010s,2250.0,-57.688
A,mixture,2010s,2343.8,-56.159
A,mixture,2010s,2437.5,-59.42
A,mixture,2010s,2531.2,-59.974
A,mixture,2010s,2625.0,-57.371
A,mixture,2010s,2718.8,-60.257
A,mixture,2010s,2812.5,-58.778
A,mixture,2010s,2906.2,-60.533
A,mixture,2010s,3000.0,-61.101
A,mixture,2010s,3093.8,-61.032
A,mixture,2010s,3187.5,-62.402
A,mixture,2010s,3281.2,-61.767
A,mixture,2010s,3375.0,-62.94
A,mixture,2010s,3468.8,-62.741
A,mixture,2010s,3562.5,-62.602
A,mixture,2010s,3656.2,-62.866
A,mixture,2010s,3750.0,-62.717
A,mixture,2010s,3843.8,-63.828
A,mixture,2010s,3937.5,-63.216
A,mixture,2010s,4031.2,-64.767
A,mixture,2010s,4125.0,-65.446
A,mixture,2010s,4218.8,-65.238
A,mixture,2010s,4312.5,-64.893
A,mixture,2010s,4406.2,-65.836
A,mixture,2010s,4500.0,-66.665
A,mixture,2010s,4593.8,-67.009
A,mixture,2010s,4687.5,-66.259
A,mixture,2010s,4781.2,-67.47
A,mixture,2010s,4875.0,-67.186
A,mixture,2010s,4968.8,-66.767
A,mixture,2010s,5062.5,-67.709
A,mixture,2010s,5156.2,-67.604
A,mixture,2010s,5250.0,-67.03
A,mixture,2010s,5343.8,-67.997
A,mixture,2010s,5437.5,-68.122
A,mixture,2010s,5531.2,-67.676
A,mixture,2010s,5625.0,-67.244
A,mixture,2010s,5718.8,-67.428
A,mixture,2010s,5812.5,-67.918
A,mixture,2010s,5906.2,-67.322
A,mixture,2010s,6000.0,-67.902
A,mixture,2010s,6093.8,-68.24
A,mixture,2010s,6187.5,-68.155
A,mixture,2010s,6281.2,-67.883
A,mixture,2010s,6375.0,-69.019
A,mixture,2010s,6468.8,-68.946
A,mixture,2010s,6562.5,-69.043
A,mixture,2010s,6656.2,-69.151
A,mixture,2010s,6750.0,-69.547
A,mixture,2010s,6843.8,-69.807
A,mixture,2010s,6937.5,-69.844
A,mixture,2010s,7031.2,-69.145
A,mixture,2010s,7125.0,-69.812
A,mixture,2010s,7218.8,-69.927
A,mixture,2010s,7312.5,-69.552
A,mixture,2010s,7406.2,-69.938
A,mixture,2010s,7500.0,-70.13
A,mixture,2010s,7593.8,-70.807
A,mixture,2010s,7687.5,-70.905
A,mixture,2010s,7781.2,-71.06
A,mixture,2010s,7875.0,-70.773
A,mixture,2010s,7968.8,-71.203
A,mixture,2010s,8062.5,-71.364
A,mixture,2010s,8156.2,-71.632
A,mixture,2010s,8250.0,-71.138
A,mixture,2010s,8343.8,-71.589
A,mixture,2010s,8437.5,-71.701
A,mixture,2010s,8531.2,-72.424
A,mixture,2010s,8625.0,-71.693
A,mixture,2010s,8718.8,-72.703
A,mixture,2010s,8812.5,-72.621
A,mixture,2010s,8906.2,-72.546
A,mixture,2010s,9000.0,-73.02
A,mixture,2010s,9093.8,-72.777
A,mixture,2010s,9187.5,-72.989
A,mixture,2010s,9281.2,-72.512
A,mixture,2010s,9375.0,-73.066
A,mixture,2010s,9468.8,-73.092
A,mixture,2010s,9562.5,-73.383
A,mixture,2010s,9656.2,-72.918
A,mixture,2010s,9750.0,-73.257
A,mixture,2010s,9843.8,-73.423
A,mixture,2010s,9937.5,-73.06
A,mixture,2010s,10031.2,-73.383
A,mixture,2010s,10125.0,-73.89
A,mixture,2010s,10218.8,-74.433
A,mixture,2010s,10312.5,-74.525
A,mixture,2010s,10406.2,-74.679
A,mixture,2010s,10500.0,-74.722
A,mixture,2010s,10593.8,-75.23
A,mixture,2010s,10687.5,-75.879
A,mixture,2010s,10781.2,-76.639
A,mixture,2010s,10875.0,-77.213
A,mixture,2010s,10968.8,-78.414
A,mixture,2010s,11062.5,-79.205
A,mixture,2010s,11156.2,-79.956
A,mixture,2010s,11250.0,-80.917
A,mixture,2010s,11343.8,-82.305
A,mixture,2010s,11437.5,-83.988
A,mixture,2010s,11531.2,-84.996
A,mixture,2010s,11625.0,-86.782
A,mixture,2010s,11718.8,-87.802
A,mixture,2010s,11812.5,-89.354
A,mixture,2010s,11906.2,-90.599
A,mixture,2010s,12000.0,-95.184
A,vocals,2010s,0.0,-75.849
A,vocals,2010s,93.8,-75.427
A,vocals,2010s,187.5,-58.718
A,vocals,2010s,281.2,-54.692
A,vocals,2010s,375.0,-56.037
A,vocals,2010s,468.8,-57.24
A,vocals,2010s,562.5,-57.957
A,vocals,2010s,656.2,-57.991
A,vocals,2010s,750.0,-59.335
A,vocals,2010s,843.8,-63.582
A,vocals,2010s,937.5,-62.34
A,vocals,2010s,1031.2,-62.257
A,vocals,2010s,1125.0,-64.513
A,vocals,2010s,1218.8,-65.998
A,vocals,2010s,1312.5,-64.515
A,vocals,2010s,1406.2,-65.473
A,vocals,2010s,1500.0,-66.817
A,vocals,2010s,1593.8,-67.861
A,vocals,2010s,1687.5,-68.148
A,vocals,2010s,1781.2,-67.598
A,vocals,2010s,1875.0,-69.19
A,vocals,2010s,1968.8,-69.492
A,vocals,2010s,2062.5,-69.187
A,vocals,2010s,2156.2,-69.816
A,vocals,2010s,2250.0,-71.347
A,vocals,2010s,2343.8,-70.134
A,vocals,2010s,2437.5,-70.932
A,vocals,2010s,2531.2,-72.076
A,vocals,2010s,2625.0,-70.701
A,vocals,2010s,2718.8,-70.978
A,vocals,2010s,2812.5,-71.106
A,vocals,2010s,2906.2,-72.809
A,vocals,2010s,3000.0,-73.166
A,vocals,2010s,3093.8,-73.206
A,vocals,2010s,3187.5,-74.319
A,vocals,2010s,3281.2,-73.914
A,vocals,2010s,3375.0,-74.729
A,vocals,2010s,3468.8,-74.409
A,vocals,2010s,3562.5,-75.676
A,vocals,2010s,3656.2,-74.926
A,vocals,2010s,3750.0,-75.353
A,vocals,2010s,3843.8,-76.037
A,vocals,2010s,3937.5,-76.13
A,vocals,2010s,4031.2,-76.863
A,vocals,2010s,4125.0,-78.518
A,vocals,2010s,4218.8,-78.773
A,vocals,2010s,4312.5,-79.376
A,vocals,2010s,4406.2,-79.622
A,vocals,2010s,4500.0,-79.599
A,vocals,2010s,4593.8,-80.493
A,vocals,2010s,4687.5,-80.081
A,vocals,2010s,4781.2,-81.508
A,vocals,2010s,4875.0,-81.327
A,vocals,2010s,4968.8,-81.493
A,vocals,2010s,5062.5,-81.738
A,vocals,2010s,5156.2,-81.046
A,vocals,2010s,5250.0,-80.89
A,vocals,2010s,5343.8,-81.162
A,vocals,2010s,5437.5,-80.914
A,vocals,2010s,5531.2,-80.685
A,vocals,2010s,5625.0,-80.17
A,vocals,2010s,5718.8,-80.557
A,vocals,2010s,5812.5,-80.866
A,vocals,2010s,5906.2,-80.001
A,vocals,2010s,6000.0,-81.139
A,vocals,2010s,6093.8,-81.178
A,vocals,2010s,6187.5,-80.837
A,vocals,2010s,6281.2,-80.853
A,vocals,2010s,6375.0,-81.518
A,vocals,2010s,6468.8,-82.091
A,vocals,2010s,6562.5,-81.603
A,vocals,2010s,6656.2,-81.648
A,vocals,2010s,6750.0,-82.124
A,vocals,2010s,6843.8,-82.16
A,vocals,2010s,6937.5,-81.955
A,vocals,2010s,7031.2,-81.667
A,vocals,2010s,7125.0,-81.936
A,vocals,2010s,7218.8,-82.177
A,vocals,2010s,7312.5,-82.175
A,vocals,2010s,7406.2,-82.068
A,vocals,2010s,7500.0,-81.912
A,vocals,2010s,7593.8,-82.446
A,vocals,2010s,7687.5,-82.409
A,vocals,2010s,7781.2,-82.455
A,vocals,2010s,7875.0,-82.375
A,vocals,2010s,7968.8,-82.336
A,vocals,2010s,8062.5,-82.572
A,vocals,2010s,8156.2,-82.117
A,vocals,2010s,8250.0,-82.914
A,vocals,2010s,8343.8,-82.694
A,vocals,2010s,8437.5,-83.516
A,vocals,2010s,8531.2,-83.787
A,vocals,2010s,8625.0,-83.61
A,vocals,2010s,8718.8,-84.199
A,vocals,2010s,8812.5,-84.537
A,vocals,2010s,8906.2,-84.624
A,vocals,2010s,9000.0,-84.619
A,vocals,2010s,9093.8,-84.412
A,vocals,2010s,9187.5,-84.769
A,vocals,2010s,9281.2,-85.102
A,vocals,2010s,9375.0,-85.155
A,vocals,2010s,9468.8,-85.563
A,vocals,2010s,9562.5,-85.395
A,vocals,2010s,9656.2,-85.491
A,vocals,2010s,9750.0,-86.077
A,vocals,2010s,9843.8,-86.132
A,vocals,2010s,9937.5,-86.729
A,vocals,2010s,10031.2,-87.331
A,vocals,2010s,10125.0,-87.536
A,vocals,2010s,10218.8,-87.626
A,vocals,2010s,10312.5,-88.53
A,vocals,2010s,10406.2,-89.285
A,vocals,2010s,10500.0,-90.055
A,vocals,2010s,10593.8,-90.557
A,vocals,2010s,10687.5,-91.354
A,vocals,2010s,10781.2,-91.796
A,vocals,2010s,10875.0,-92.757
A,vocals,2010s,10968.8,-93.656
A,vocals,2010s,11062.5,-94.669
A,vocals,2010s,11156.2,-95.515
A,vocals,2010s,11250.0,-96.54
A,vocals,2010s,11343.8,-97.95
A,vocals,2010s,11437.5,-99.506
A,vocals,2010s,11531.2,-101.064
A,vocals,2010s,11625.0,-102.337
A,vocals,2010s,11718.8,-103.543
A,vocals,2010s,11812.5,-104.692
A,vocals,2010s,11906.2,-105.857
A,vocals,2010s,12000.0,-108.966
A,drums,2010s,0.0,-67.036
A,drums,2010s,93.8,-49.407
A,drums,2010s,187.5,-54.264
A,drums,2010s,281.2,-61.907
A,drums,2010s,375.0,-65.137
A,drums,2010s,468.8,-67.963
A,drums,2010s,562.5,-69.606
A,drums,2010s,656.2,-72.023
A,drums,2010s,750.0,-72.375
A,drums,2010s,843.8,-72.881
A,drums,2010s,937.5,-74.536
A,drums,2010s,1031.2,-74.433
A,drums,2010s,1125.0,-73.85
A,drums,2010s,1218.8,-74.615
A,drums,2010s,1312.5,-76.303
A,drums,2010s,1406.2,-76.207
A,drums,2010s,1500.0,-76.274
A,drums,2010s,1593.8,-76.036
A,drums,2010s,1687.5,-76.222
A,drums,2010s,1781.2,-76.568
A,drums,2010s,1875.0,-76.788
A,drums,2010s,1968.8,-77.396
A,drums,2010s,2062.5,-76.896
A,drums,2010s,2156.2,-76.431
A,drums,2010s,2250.0,-76.931
A,drums,2010s,2343.8,-77.612
A,drums,2010s,2437.5,-77.142
A,drums,2010s,2531.2,-76.875
A,drums,2010s,2625.0,-77.138
A,drums,2010s,2718.8,-76.402
A,drums,2010s,2812.5,-76.905
A,drums,2010s,2906.2,-76.689
A,drums,2010s,3000.0,-76.834
A,drums,2010s,3093.8,-76.256
A,drums,2010s,3187.5,-76.254
A,drums,2010s,3281.2,-76.117
A,drums,2010s,3375.0,-75.91
A,drums,2010s,3468.8,-76.359
A,drums,2010s,3562.5,-76.06
A,drums,2010s,3656.2,-75.697
A,drums,2010s,3750.0,-75.669
A,drums,2010s,3843.8,-74.836
A,drums,2010s,3937.5,-76.065
A,drums,2010s,4031.2,-75.43
A,drums,2010s,4125.0,-75.809
A,drums,2010s,4218.8,-75.487
A,drums,2010s,4312.5,-75.675
A,drums,2010s,4406.2,-75.539
A,drums,2010s,4500.0,-75.867
A,drums,2010s,4593.8,-75.96
A,drums,2010s,4687.5,-76.223
A,drums,2010s,4781.2,-75.45
A,drums,2010s,4875.0,-75.866
A,drums,2010s,4968.8,-76.163
A,drums,2010s,5062.5,-76.17
A,drums,2010s,5156.2,-75.77
A,drums,2010s,5250.0,-76.058
A,drums,2010s,5343.8,-76.174
A,drums,2010s,5437.5,-76.082
A,drums,2010s,5531.2,-76.007
A,drums,2010s,5625.0,-76.336
A,drums,2010s,5718.8,-76.123
A,drums,2010s,5812.5,-76.473
A,drums,2010s,5906.2,-76.899
A,drums,2010s,6000.0,-76.445
A,drums,2010s,6093.8,-76.525
A,drums,2010s,6187.5,-77.102
A,drums,2010s,6281.2,-77.33
A,drums,2010s,6375.0,-77.439
A,drums,2010s,6468.8,-77.312
A,drums,2010s,6562.5,-77.46
A,drums,2010s,6656.2,-77.564
A,drums,2010s,6750.0,-77.581
A,drums,2010s,6843.8,-77.861
A,drums,2010s,6937.5,-78.491
A,drums,2010s,7031.2,-78.158
A,drums,2010s,7125.0,-78.23
A,drums,2010s,7218.8,-78.874
A,drums,2010s,7312.5,-78.742
A,drums,2010s,7406.2,-78.759
A,drums,2010s,7500.0,-78.979
A,drums,2010s,7593.8,-79.589
A,drums,2010s,7687.5,-79.814
A,drums,2010s,7781.2,-80.057
A,drums,2010s,7875.0,-79.959
A,drums,2010s,7968.8,-80.271
A,drums,2010s,8062.5,-80.171
A,drums,2010s,8156.2,-80.535
A,drums,2010s,8250.0,-79.743
A,drums,2010s,8343.8,-80.604
A,drums,2010s,8437.5,-81.11
A,drums,2010s,8531.2,-80.94
A,drums,2010s,8625.0,-81.028
A,drums,2010s,8718.8,-81.676
A,drums,2010s,8812.5,-81.792
A,drums,2010s,8906.2,-81.895
A,drums,2010s,9000.0,-82.548
A,drums,2010s,9093.8,-82.022
A,drums,2010s,9187.5,-82.507
A,drums,2010s,9281.2,-82.699
A,drums,2010s,9375.0,-83.126
A,drums,2010s,9468.8,-83.4
A,drums,2010s,9562.5,-83.378
A,drums,2010s,9656.2,-83.137
A,drums,2010s,9750.0,-83.976
A,drums,2010s,9843.8,-84.16
A,drums,2010s,9937.5,-84.475
A,drums,2010s,10031.2,-83.929
A,drums,2010s,10125.0,-84.917
A,drums,2010s,10218.8,-85.497
A,drums,2010s,10312.5,-85.913
A,drums,2010s,10406.2,-86.28
A,drums,2010s,10500.0,-87.067
A,drums,2010s,10593.8,-87.82
A,drums,2010s,10687.5,-87.966
A,drums,2010s,10781.2,-88.879
A,drums,2010s,10875.0,-90.197
A,drums,2010s,10968.8,-91.561
A,drums,2010s,11062.5,-92.348
A,drums,2010s,11156.2,-93.272
A,drums,2010s,11250.0,-94.716
A,drums,2010s,11343.8,-95.793
A,drums,2010s,11437.5,-97.702
A,drums,2010s,11531.2,-98.659
A,drums,2010s,11625.0,-100.44
A,drums,2010s,11718.8,-101.197
A,drums,2010s,11812.5,-102.351
A,drums,2010s,11906.2,-103.447
A,drums,2010s,12000.0,-107.17
A,bass,2010s,0.0,-64.045
A,bass,2010s,93.8,-44.293
A,bass,2010s,187.5,-53.535
A,bass,2010s,281.2,-63.867
A,bass,2010s,375.0,-70.444
A,bass,2010s,468.8,-74.009
A,bass,2010s,562.5,-77.895
A,bass,2010s,656.2,-79.652
A,bass,2010s,750.0,-81.446
A,bass,2010s,843.8,-83.57
A,bass,2010s,937.5,-84.286
A,bass,2010s,1031.2,-85.802
A,bass,2010s,1125.0,-87.242
A,bass,2010s,1218.8,-89.083
A,bass,2010s,1312.5,-89.218
A,bass,2010s,1406.2,-89.023
A,bass,2010s,1500.0,-90.299
A,bass,2010s,1593.8,-90.522
A,bass,2010s,1687.5,-91.954
A,bass,2010s,1781.2,-91.58
A,bass,2010s,1875.0,-92.09
A,bass,2010s,1968.8,-92.594
A,bass,2010s,2062.5,-92.354
A,bass,2010s,2156.2,-93.521
A,bass,2010s,2250.0,-94.854
A,bass,2010s,2343.8,-95.082
A,bass,2010s,2437.5,-95.348
A,bass,2010s,2531.2,-95.518
A,bass,2010s,2625.0,-95.356
A,bass,2010s,2718.8,-96.57
A,bass,2010s,2812.5,-96.48
A,bass,2010s,2906.2,-96.46
A,bass,2010s,3000.0,-97.267
A,bass,2010s,3093.8,-97.211
A,bass,2010s,3187.5,-98.013
A,bass,2010s,3281.2,-98.343
A,bass,2010s,3375.0,-99.039
A,bass,2010s,3468.8,-98.551
A,bass,2010s,3562.5,-98.37
A,bass,2010s,3656.2,-98.211
A,bass,2010s,3750.0,-99.421
A,bass,2010s,3843.8,-99.8
A,bass,2010s,3937.5,-99.709
A,bass,2010s,4031.2,-100.59
A,bass,2010s,4125.0,-100.383
A,bass,2010s,4218.8,-100.415
A,bass,2010s,4312.5,-101.546
A,bass,2010s,4406.2,-102.291
A,bass,2010s,4500.0,-102.677
A,bass,2010s,4593.8,-102.594
A,bass,2010s,4687.5,-102.23
A,bass,2010s,4781.2,-103.587
A,bass,2010s,4875.0,-104.151
A,bass,2010s,4968.8,-103.468
A,bass,2010s,5062.5,-104.448
A,bass,2010s,5156.2,-103.53
A,bass,2010s,5250.0,-103.125
A,bass,2010s,5343.8,-104.369
A,bass,2010s,5437.5,-105.204
A,bass,2010s,5531.2,-105.761
A,bass,2010s,5625.0,-105.037
A,bass,2010s,5718.8,-104.497
A,bass,2010s,5812.5,-105.473
A,bass,2010s,5906.2,-105.952
A,bass,2010s,6000.0,-106.708
A,bass,2010s,6093.8,-106.78
A,bass,2010s,6187.5,-106.478
A,bass,2010s,6281.2,-106.298
A,bass,2010s,6375.0,-106.982
A,bass,2010s,6468.8,-107.653
A,bass,2010s,6562.5,-107.499
A,bass,2010s,6656.2,-107.374
A,bass,2010s,6750.0,-106.401
A,bass,2010s,6843.8,-106.595
A,bass,2010s,6937.5,-107.259
A,bass,2010s,7031.2,-107.179
A,bass,2010s,7125.0,-108.391
A,bass,2010s,7218.8,-108.162
A,bass,2010s,7312.5,-108.651
A,bass,2010s,7406.2,-108.115
A,bass,2010s,7500.0,-108.772
A,bass,2010s,7593.8,-109.191
A,bass,2010s,7687.5,-109.443
A,bass,2010s,7781.2,-108.841
A,bass,2010s,7875.0,-108.361
A,bass,2010s,7968.8,-108.971
A,bass,2010s,8062.5,-107.948
A,bass,2010s,8156.2,-108.534
A,bass,2010s,8250.0,-109.138
A,bass,2010s,8343.8,-107.456
A,bass,2010s,8437.5,-108.027
A,bass,2010s,8531.2,-109.823
A,bass,2010s,8625.0,-110.363
A,bass,2010s,8718.8,-111.265
A,bass,2010s,8812.5,-110.527
A,bass,2010s,8906.2,-110.061
A,bass,2010s,9000.0,-110.527
A,bass,2010s,9093.8,-110.554
A,bass,2010s,9187.5,-111.337
A,bass,2010s,9281.2,-111.302
A,bass,2010s,9375.0,-110.943
A,bass,2010s,9468.8,-110.433
A,bass,2010s,9562.5,-109.992
A,bass,2010s,9656.2,-107.131
A,bass,2010s,9750.0,-110.875
A,bass,2010s,9843.8,-111.01
A,bass,2010s,9937.5,-111.701
A,bass,2010s,10031.2,-111.379
A,bass,2010s,10125.0,-112.082
A,bass,2010s,10218.8,-112.707
A,bass,2010s,10312.5,-112.622
A,bass,2010s,10406.2,-112.511
A,bass,2010s,10500.0,-112.29
A,bass,2010s,10593.8,-112.948
A,bass,2010s,10687.5,-113.025
A,bass,2010s,10781.2,-113.049
A,bass,2010s,10875.0,-111.944
A,bass,2010s,10968.8,-112.124
A,bass,2010s,11062.5,-113.394
A,bass,2010s,11156.2,-113.426
A,bass,2010s,11250.0,-114.317
A,bass,2010s,11343.8,-115.518
A,bass,2010s,11437.5,-115.688
A,bass,2010s,11531.2,-115.723
A,bass,2010s,11625.0,-116.268
A,bass,2010s,11718.8,-115.251
A,bass,2010s,11812.5,-116.408
A,bass,2010s,11906.2,-116.447
A,bass,2010s,12000.0,-118.086
A,other,2010s,0.0,-69.618
A,other,2010s,93.8,-53.076
A,other,2010s,187.5,-48.842
A,other,2010s,281.2,-48.222
A,other,2010s,375.0,-49.981
A,other,2010s,468.8,-52.971
A,other,2010s,562.5,-54.54
A,other,2010s,656.2,-51.647
A,other,2010s,750.0,-54.925
A,other,2010s,843.8,-58.652
A,other,2010s,937.5,-56.501
A,other,2010s,1031.2,-58.46
A,other,2010s,1125.0,-59.154
A,other,2010s,1218.8,-62.307
A,other,2010s,1312.5,-55.495
A,other,2010s,1406.2,-59.304
A,other,2010s,1500.0,-61.339
A,other,2010s,1593.8,-63.412
A,other,2010s,1687.5,-64.617
A,other,2010s,1781.2,-60.906
A,other,2010s,1875.0,-60.252
A,other,2010s,1968.8,-58.275
A,other,2010s,2062.5,-62.638
A,other,2010s,2156.2,-66.171
A,other,2010s,2250.0,-64.011
A,other,2010s,2343.8,-61.486
A,other,2010s,2437.5,-66.48
A,other,2010s,2531.2,-67.898
A,other,2010s,2625.0,-63.301
A,other,2010s,2718.8,-68.931
A,other,2010s,2812.5,-65.668
A,other,2010s,2906.2,-68.618
A,other,2010s,3000.0,-69.091
A,other,2010s,3093.8,-70.068
A,other,2010s,3187.5,-70.98
A,other,2010s,3281.2,-69.977
A,other,2010s,3375.0,-72.153
A,other,2010s,3468.8,-71.79
A,other,2010s,3562.5,-70.77
A,other,2010s,3656.2,-72.103
A,other,2010s,3750.0,-71.127
A,other,2010s,3843.8,-73.498
A,other,2010s,3937.5,-70.508
A,other,2010s,4031.2,-74.752
A,other,2010s,4125.0,-75.381
A,other,2010s,4218.8,-73.958
A,other,2010s,4312.5,-73.07
A,other,2010s,4406.2,-75.844
A,other,2010s,4500.0,-76.717
A,other,2010s,4593.8,-77.309
A,other,2010s,4687.5,-75.471
A,other,2010s,4781.2,-78.389
A,other,2010s,4875.0,-79.21
A,other,2010s,4968.8,-76.899
A,other,2010s,5062.5,-79.309
A,other,2010s,5156.2,-81.238
A,other,2010s,5250.0,-78.935
A,other,2010s,5343.8,-81.192
A,other,2010s,5437.5,-82.531
A,other,2010s,5531.2,-81.769
A,other,2010s,5625.0,-80.104
A,other,2010s,5718.8,-82.835
A,other,2010s,5812.5,-82.911
A,other,2010s,5906.2,-82.124
A,other,2010s,6000.0,-83.863
A,other,2010s,6093.8,-84.957
A,other,2010s,6187.5,-85.779
A,other,2010s,6281.2,-83.72
A,other,2010s,6375.0,-87.196
A,other,2010s,6468.8,-87.972
A,other,2010s,6562.5,-87.154
A,other,2010s,6656.2,-86.992
A,other,2010s,6750.0,-87.863
A,other,2010s,6843.8,-88.593
A,other,2010s,6937.5,-88.063
A,other,2010s,7031.2,-86.576
A,other,2010s,7125.0,-88.564
A,other,2010s,7218.8,-89.776
A,other,2010s,7312.5,-90.165
A,other,2010s,7406.2,-88.451
A,other,2010s,7500.0,-88.164
A,other,2010s,7593.8,-91.266
A,other,2010s,7687.5,-90.64
A,other,2010s,7781.2,-90.498
A,other,2010s,7875.0,-89.523
A,other,2010s,7968.8,-89.574
A,other,2010s,8062.5,-89.77
A,other,2010s,8156.2,-90.92
A,other,2010s,8250.0,-91.199
A,other,2010s,8343.8,-90.731
A,other,2010s,8437.5,-90.23
A,other,2010s,8531.2,-91.538
A,other,2010s,8625.0,-90.799
A,other,2010s,8718.8,-91.994
A,other,2010s,8812.5,-91.386
A,other,2010s,8906.2,-90.552
A,other,2010s,9000.0,-92.648
A,other,2010s,9093.8,-92.563
A,other,2010s,9187.5,-93.392
A,other,2010s,9281.2,-91.605
A,other,2010s,9375.0,-93.425
A,other,2010s,9468.8,-93.497
A,other,2010s,9562.5,-94.363
A,other,2010s,9656.2,-92.494
A,other,2010s,9750.0,-94.664
A,other,2010s,9843.8,-93.293
A,other,2010s,9937.5,-93.634
A,other,2010s,10031.2,-94.216
A,other,2010s,10125.0,-95.33
A,other,2010s,10218.8,-96.984
A,other,2010s,10312.5,-96.511
A,other,2010s,10406.2,-96.735
A,other,2010s,10500.0,-96.879
A,other,2010s,10593.8,-98.695
A,other,2010s,10687.5,-98.407
A,other,2010s,10781.2,-99.524
A,other,2010s,10875.0,-99.518
A,other,2010s,10968.8,-101.475
A,other,2010s,11062.5,-102.75
A,other,2010s,11156.2,-103.535
A,other,2010s,11250.0,-103.269
A,other,2010s,11343.8,-105.516
A,other,2010s,11437.5,-107.696
A,other,2010s,11531.2,-107.679
A,other,2010s,11625.0,-109.202
A,other,2010s,11718.8,-109.617
A,other,2010s,11812.5,-110.587
A,other,2010s,11906.2,-111.365
A,other,2010s,12000.0,-114.623
