dataset,input,class,freq_hz,mean_db
B,mixture,US,0.0,-61.283
B,mixture,US,93.8,-41.95
B,mixture,US,187.5,-43.816
B,mixture,US,281.2,-47.039
B,mixture,US,375.0,-49.076
B,mixture,US,468.8,-50.379
B,mixture,US,562.5,-50.198
B,mixture,US,656.2,-49.941
B,mixture,US,750.0,-51.954
B,mixture,US,843.8,-52.958
B,mixture,US,937.5,-53.892
B,mixture,US,1031.2,-55.131
B,mixture,US,1125.0,-55.07
B,mixture,US,1218.8,-56.307
B,mixture,US,1312.5,-54.75
B,mixture,US,1406.2,-56.419
B,mixture,US,1500.0,-56.578
B,mixture,US,1593.8,-56.937
B,mixture,US,1687.5,-58.077
B,mixture,US,1781.2,-57.371
B,mixture,US,1875.0,-58.59
B,mixture,US,1968.8,-58.23
B,mixture,US,2062.5,-59.682
B,mixture,US,2156.2,-60.263
B,mixture,US,2250.0,-59.681
B,mixture,US,2343.8,-59.049
B,mixture,US,2437.5,-60.658
B,mixture,US,2531.2,-60.787
B,mixture,US,2625.0,-59.44
B,mixture,US,2718.8,-61.169
B,mixture,US,2812.5,-60.705
B,mixture,US,2906.2,-61.924
B,mixture,US,3000.0,-62.267
B,mixture,US,3093.8,-62.349
B,mixture,US,3187.5,-62.265
B,mixture,US,3281.2,-61.823
B,mixture,US,3375.0,-62.011
B,mixture,US,3468.8,-62.008
B,mixture,US,3562.5,-61.721
B,mixture,US,3656.2,-62.929
B,mixture,US,3750.0,-62.858
B,mixture,US,3843.8,-64.15
B,mixture,US,3937.5,-64.151
B,mixture,US,4031.2,-64.829
B,mixture,US,4125.0,-65.197
B,mixture,US,4218.8,-64.955
B,mixture,US,4312.5,-66.401
B,mixture,US,4406.2,-66.584
B,mixture,US,4500.0,-67.105
B,mixture,US,4593.8,-66.79
B,mixture,US,4687.5,-67.247
B,mixture,US,4781.2,-68.076
B,mixture,US,4875.0,-68.498
B,mixture,US,4968.8,-67.622
B,mixture,US,5062.5,-67.934
B,mixture,US,5156.2,-68.773
B,mixture,US,5250.0,-68.248
B,mixture,US,5343.8,-68.47
B,mixture,US,5437.5,-68.471
B,mixture,US,5531.2,-68.61
B,mixture,US,5625.0,-68.845
B,mixture,US,5718.8,-68.901
B,mixture,US,5812.5,-69.317
B,mixture,US,5906.2,-69.12
B,mixture,US,6000.0,-69.852
B,mixture,US,6093.8,-69.95
B,mixture,US,6187.5,-69.923
B,mixture,US,6281.2,-69.211
B,mixture,US,6375.0,-70.425
B,mixture,US,6468.8,-70.302
B,mixture,US,6562.5,-70.268
B,mixture,US,6656.2,-70.103
B,mixture,US,6750.0,-70.621
B,mixture,US,6843.8,-70.458
B,mixture,US,6937.5,-70.488
B,mixture,US,7031.2,-71.12
B,mixture,US,7125.0,-71.443
B,mixture,US,7218.8,-71.705
B,mixture,US,7312.5,-71.673
B,mixture,US,7406.2,-71.734
B,mixture,US,7500.0,-72.069
B,mixture,US,7593.8,-71.83
B,mixture,US,7687.5,-72.558
B,mixture,US,7781.2,-72.423
B,mixture,US,7875.0,-72.576
B,mixture,US,7968.8,-73.138
B,mixture,US,8062.5,-73.422
B,mixture,US,8156.2,-73.6
B,mixture,US,8250.0,-73.521
B,mixture,US,8343.8,-74.018
B,mixture,US,8437.5,-73.773
B,mixture,US,8531.2,-74.245
B,mixture,US,8625.0,-74.538
B,mixture,US,8718.8,-74.42
B,mixture,US,8812.5,-74.648
B,mixture,US,8906.2,-74.836
B,mixture,US,9000.0,-75.337
B,mixture,US,9093.8,-75.528
B,mixture,US,9187.5,-74.999
B,mixture,US,9281.2,-75.368
B,mixture,US,9375.0,-75.696
B,mixture,US,9468.8,-75.844
B,mixture,US,9562.5,-75.813
B,mixture,US,9656.2,-76.129
B,mixture,US,9750.0,-76.388
B,mixture,US,9843.8,-76.585
B,mixture,US,9937.5,-76.818
B,mixture,US,10031.2,-77.208
B,mixture,US,10125.0,-77.321
B,mixture,US,10218.8,-77.312
B,mixture,US,10312.5,-77.509
B,mixture,US,10406.2,-77.7
B,mixture,US,10500.0,-78.251
B,mixture,US,10593.8,-78.753
B,mixture,US,10687.5,-79.375
B,mixture,US,10781.2,-80.004
B,mixture,US,10875.0,-80.663
B,mixture,US,10968.8,-81.27
B,mixture,US,11062.5,-81.731
B,mixture,US,11156.2,-83.151
B,mixture,US,11250.0,-84.428
B,mixture,US,11343.8,-85.478
B,mixture,US,11437.5,-87.321
B,mixture,US,11531.2,-88.99
B,mixture,US,11625.0,-90.165
B,mixture,US,11718.8,-91.738
B,mixture,US,11812.5,-93.41
B,mixture,US,11906.2,-95.045
B,mixture,US,12000.0,-99.839
B,vocals,US,0.0,-80.673
B,vocals,US,93.8,-78.882
B,vocals,US,187.5,-64.173
B,vocals,US,281.2,-58.714
B,vocals,US,375.0,-60.803
B,vocals,US,468.8,-59.645
B,vocals,US,562.5,-58.916
B,vocals,US,656.2,-58.385
B,vocals,US,750.0,-60.81
B,vocals,US,843.8,-61.687
B,vocals,US,937.5,-62.173
B,vocals,US,1031.2,-63.275
B,vocals,US,1125.0,-64.527
B,vocals,US,1218.8,-64.988
B,vocals,US,1312.5,-64.868
B,vocals,US,1406.2,-66.149
B,vocals,US,1500.0,-66.21
B,vocals,US,1593.8,-66.429
B,vocals,US,1687.5,-67.309
B,vocals,US,1781.2,-67.339
B,vocals,US,1875.0,-68.831
B,vocals,US,1968.8,-67.957
B,vocals,US,2062.5,-69.575
B,vocals,US,2156.2,-69.535
B,vocals,US,2250.0,-70.375
B,vocals,US,2343.8,-69.056
B,vocals,US,2437.5,-70.617
B,vocals,US,2531.2,-70.646
B,vocals,US,2625.0,-69.296
B,vocals,US,2718.8,-70.848
B,vocals,US,2812.5,-71.143
B,vocals,US,2906.2,-72.113
B,vocals,US,3000.0,-72.683
B,vocals,US,3093.8,-72.179
B,vocals,US,3187.5,-72.164
B,vocals,US,3281.2,-72.049
B,vocals,US,3375.0,-72.51
B,vocals,US,3468.8,-72.313
B,vocals,US,3562.5,-72.244
B,vocals,US,3656.2,-73.637
B,vocals,US,3750.0,-74.076
B,vocals,US,3843.8,-75.269
B,vocals,US,3937.5,-75.628
B,vocals,US,4031.2,-77.3
B,vocals,US,4125.0,-77.245
B,vocals,US,4218.8,-77.739
B,vocals,US,4312.5,-78.843
B,vocals,US,4406.2,-79.208
B,vocals,US,4500.0,-80.017
B,vocals,US,4593.8,-79.863
B,vocals,US,4687.5,-80.377
B,vocals,US,4781.2,-81.56
B,vocals,US,4875.0,-81.727
B,vocals,US,4968.8,-82.051
B,vocals,US,5062.5,-82.202
B,vocals,US,5156.2,-82.781
B,vocals,US,5250.0,-81.959
B,vocals,US,5343.8,-81.984
B,vocals,US,5437.5,-81.711
B,vocals,US,5531.2,-81.859
B,vocals,US,5625.0,-81.823
B,vocals,US,5718.8,-82.269
B,vocals,US,5812.5,-82.21
B,vocals,US,5906.2,-82.023
B,vocals,US,6000.0,-82.937
B,vocals,US,6093.8,-82.718
B,vocals,US,6187.5,-82.62
B,vocals,US,6281.2,-82.394
B,vocals,US,6375.0,-83.31
B,vocals,US,6468.8,-82.399
B,vocals,US,6562.5,-82.687
B,vocals,US,6656.2,-83.114
B,vocals,US,6750.0,-82.987
B,vocals,US,6843.8,-83.007
B,vocals,US,6937.5,-82.509
B,vocals,US,7031.2,-83.007
B,vocals,US,7125.0,-83.456
B,vocals,US,7218.8,-83.652
B,vocals,US,7312.5,-83.453
B,vocals,US,7406.2,-83.19
B,vocals,US,7500.0,-83.394
B,vocals,US,7593.8,-83.715
B,vocals,US,7687.5,-83.981
B,vocals,US,7781.2,-83.944
B,vocals,US,7875.0,-83.606
B,vocals,US,7968.8,-84.15
B,vocals,US,8062.5,-84.468
B,vocals,US,8156.2,-84.372
B,vocals,US,8250.0,-84.946
B,vocals,US,8343.8,-85.144
B,vocals,US,8437.5,-84.878
B,vocals,US,8531.2,-85.346
B,vocals,US,8625.0,-85.75
B,vocals,US,8718.8,-85.726
B,vocals,US,8812.5,-85.96
B,vocals,US,8906.2,-86.268
B,vocals,US,9000.0,-86.475
B,vocals,US,9093.8,-86.894
B,vocals,US,9187.5,-86.913
B,vocals,US,9281.2,-87.808
B,vocals,US,9375.0,-87.657
B,vocals,US,9468.8,-87.944
B,vocals,US,9562.5,-87.998
B,vocals,US,9656.2,-88.962
B,vocals,US,9750.0,-88.969
B,vocals,US,9843.8,-89.357
B,vocals,US,9937.5,-89.939
B,vocals,US,10031.2,-90.438
B,vocals,US,10125.0,-90.646
B,vocals,US,10218.8,-91.022
B,vocals,US,10312.5,-91.937
B,vocals,US,10406.2,-92.573
B,vocals,US,10500.0,-93.421
B,vocals,US,10593.8,-93.91
B,vocals,US,10687.5,-94.519
B,vocals,US,10781.2,-95.22
B,vocals,US,10875.0,-96.183
B,vocals,US,10968.8,-96.92
B,vocals,US,11062.5,-98.223
B,vocals,US,11156.2,-98.996
B,vocals,US,11250.0,-100.249
B,vocals,US,11343.8,-101.413
B,vocals,US,11437.5,-102.942
B,vocals,US,11531.2,-104.784
B,vocals,US,11625.0,-106.047
B,vocals,US,11718.8,-107.634
B,vocals,US,11812.5,-108.872
B,vocals,US,11906.2,-110.2
B,vocals,US,12000.0,-113.05
B,drums,US,0.0,-70.322
B,drums,US,93.8,-52.992
B,drums,US,187.5,-57.18
B,drums,US,281.2,-66.365
B,drums,US,375.0,-69.686
B,drums,US,468.8,-71.209
B,drums,US,562.5,-73.11
B,drums,US,656.2,-74.967
B,drums,US,750.0,-75.314
B,drums,US,843.8,-75.744
B,drums,US,937.5,-77.17
B,drums,US,1031.2,-77.503
B,drums,US,1125.0,-78.018
B,drums,US,1218.8,-78.102
B,drums,US,1312.5,-79.071
B,drums,US,1406.2,-78.125
B,drums,US,1500.0,-77.906
B,drums,US,1593.8,-78.018
B,drums,US,1687.5,-78.357
B,drums,US,1781.2,-78.425
B,drums,US,1875.0,-79.106
B,drums,US,1968.8,-79.37
B,drums,US,2062.5,-78.494
B,drums,US,2156.2,-78.389
B,drums,US,2250.0,-78.692
B,drums,US,2343.8,-78.611
B,drums,US,2437.5,-78.365
B,drums,US,2531.2,-78.29
B,drums,US,2625.0,-78.346
B,drums,US,2718.8,-77.857
B,drums,US,2812.5,-78.114
B,drums,US,2906.2,-77.776
B,drums,US,3000.0,-78.25
B,drums,US,3093.8,-77.583
B,drums,US,3187.5,-77.497
B,drums,US,3281.2,-77.423
B,drums,US,3375.0,-77.009
B,drums,US,3468.8,-77.504
B,drums,US,3562.5,-77.192
B,drums,US,3656.2,-77.135
B,drums,US,3750.0,-77.001
B,drums,US,3843.8,-76.704
B,drums,US,3937.5,-77.056
B,drums,US,4031.2,-76.439
B,drums,US,4125.0,-76.914
B,drums,US,4218.8,-77.017
B,drums,US,4312.5,-76.683
B,drums,US,4406.2,-77.476
B,drums,US,4500.0,-77.416
B,drums,US,4593.8,-77.099
B,drums,US,4687.5,-77.815
B,drums,US,4781.2,-77.322
B,drums,US,4875.0,-77.772
B,drums,US,4968.8,-77.457
B,drums,US,5062.5,-76.982
B,drums,US,5156.2,-77.281
B,drums,US,5250.0,-77.811
B,drums,US,5343.8,-77.166
B,drums,US,5437.5,-77.242
B,drums,US,5531.2,-77.385
B,drums,US,5625.0,-77.312
B,drums,US,5718.8,-77.56
B,drums,US,5812.5,-77.091
B,drums,US,5906.2,-77.86
B,drums,US,6000.0,-77.861
B,drums,US,6093.8,-78.3
B,drums,US,6187.5,-77.665
B,drums,US,6281.2,-77.506
B,drums,US,6375.0,-78.204
B,drums,US,6468.8,-78.165
B,drums,US,6562.5,-78.486
B,drums,US,6656.2,-78.366
B,drums,US,6750.0,-78.471
B,drums,US,6843.8,-78.492
B,drums,US,6937.5,-78.493
B,drums,US,7031.2,-79.049
B,drums,US,7125.0,-79.664
B,drums,US,7218.8,-79.605
B,drums,US,7312.5,-79.896
B,drums,US,7406.2,-80.254
B,drums,US,7500.0,-80.332
B,drums,US,7593.8,-80.23
B,drums,US,7687.5,-80.718
B,drums,US,7781.2,-80.739
B,drums,US,7875.0,-81.863
B,drums,US,7968.8,-81.71
B,drums,US,8062.5,-81.69
B,drums,US,8156.2,-82.136
B,drums,US,8250.0,-81.759
B,drums,US,8343.8,-82.3
B,drums,US,8437.5,-82.525
B,drums,US,8531.2,-82.307
B,drums,US,8625.0,-82.664
B,drums,US,8718.8,-83.075
B,drums,US,8812.5,-82.818
B,drums,US,8906.2,-82.991
B,drums,US,9000.0,-83.556
B,drums,US,9093.8,-83.84
B,drums,US,9187.5,-83.137
B,drums,US,9281.2,-83.382
B,drums,US,9375.0,-84.238
B,drums,US,9468.8,-84.303
B,drums,US,9562.5,-84.241
B,drums,US,9656.2,-84.349
B,drums,US,9750.0,-84.728
B,drums,US,9843.8,-85.303
B,drums,US,9937.5,-85.845
B,drums,US,10031.2,-86.068
B,drums,US,10125.0,-86.176
B,drums,US,10218.8,-86.571
B,drums,US,10312.5,-86.963
B,drums,US,10406.2,-87.629
B,drums,US,10500.0,-88.505
B,drums,US,10593.8,-88.757
B,drums,US,10687.5,-89.629
B,drums,US,10781.2,-90.523
B,drums,US,10875.0,-91.42
B,drums,US,10968.8,-92.332
B,drums,US,11062.5,-92.896
B,drums,US,11156.2,-94.53
B,drums,US,11250.0,-96.276
B,drums,US,11343.8,-97.419
B,drums,US,11437.5,-99.052
B,drums,US,11531.2,-100.623
B,drums,US,11625.0,-101.54
B,drums,US,11718.8,-102.922
B,drums,US,11812.5,-104.273
B,drums,US,11906.2,-105.398
B,drums,US,12000.0,-109.144
B,bass,US,0.0,-69.357
B,bass,US,93.8,-49.032
B,bass,US,187.5,-56.921
B,bass,US,281.2,-66.015
B,bass,US,375.0,-73.132
B,bass,US,468.8,-76.764
B,bass,US,562.5,-80.932
B,bass,US,656.2,-82.579
B,bass,US,750.0,-85.237
B,bass,US,843.8,-85.543
B,bass,US,937.5,-87.069
B,bass,US,1031.2,-88.401
B,bass,US,1125.0,-88.887
B,bass,US,1218.8,-90.32
B,bass,US,1312.5,-91.375
B,bass,US,1406.2,-91.707
B,bass,US,1500.0,-91.944
B,bass,US,1593.8,-92.193
B,bass,US,1687.5,-93.053
B,bass,US,1781.2,-93.792
B,bass,US,1875.0,-94.152
B,bass,US,1968.8,-94.67
B,bass,US,2062.5,-94.478
B,bass,US,2156.2,-94.761
B,bass,US,2250.0,-96.068
B,bass,US,2343.8,-96.024
B,bass,US,2437.5,-96.333
B,bass,US,2531.2,-96.269
B,bass,US,2625.0,-96.989
B,bass,US,2718.8,-97.765
B,bass,US,2812.5,-97.652
B,bass,US,2906.2,-98.068
B,bass,US,3000.0,-98.616
B,bass,US,3093.8,-98.411
B,bass,US,3187.5,-98.885
B,bass,US,3281.2,-99.099
B,bass,US,3375.0,-99.212
B,bass,US,3468.8,-99.75
B,bass,US,3562.5,-99.876
B,bass,US,3656.2,-100.06
B,bass,US,3750.0,-100.323
B,bass,US,3843.8,-101.086
B,bass,US,3937.5,-101.094
B,bass,US,4031.2,-101.49
B,bass,US,4125.0,-101.713
B,bass,US,4218.8,-102.146
B,bass,US,4312.5,-103.209
B,bass,US,4406.2,-103.913
B,bass,US,4500.0,-104.116
B,bass,US,4593.8,-104.189
B,bass,US,4687.5,-104.678
B,bass,US,4781.2,-104.996
B,bass,US,4875.0,-105.333
B,bass,US,4968.8,-105.532
B,bass,US,5062.5,-105.909
B,bass,US,5156.2,-105.582
B,bass,US,5250.0,-105.239
B,bass,US,5343.8,-106.217
B,bass,US,5437.5,-106.902
B,bass,US,5531.2,-107.03
B,bass,US,5625.0,-106.89
B,bass,US,5718.8,-106.92
B,bass,US,5812.5,-107.52
B,bass,US,5906.2,-107.543
B,bass,US,6000.0,-108.418
B,bass,US,6093.8,-109.023
B,bass,US,6187.5,-108.607
B,bass,US,6281.2,-107.544
B,bass,US,6375.0,-108.71
B,bass,US,6468.8,-108.874
B,bass,US,6562.5,-109.045
B,bass,US,6656.2,-109.013
B,bass,US,6750.0,-108.543
B,bass,US,6843.8,-108.434
B,bass,US,6937.5,-108.722
B,bass,US,7031.2,-109.68
B,bass,US,7125.0,-110.239
B,bass,US,7218.8,-109.822
B,bass,US,7312.5,-110.145
B,bass,US,7406.2,-110.055
B,bass,US,7500.0,-110.25
B,bass,US,7593.8,-110.37
B,bass,US,7687.5,-111.167
B,bass,US,7781.2,-110.301
B,bass,US,7875.0,-110.385
B,bass,US,7968.8,-110.35
B,bass,US,8062.5,-109.95
B,bass,US,8156.2,-110.565
B,bass,US,8250.0,-111.508
B,bass,US,8343.8,-110.231
B,bass,US,8437.5,-110.327
B,bass,US,8531.2,-111.444
B,bass,US,8625.0,-112.232
B,bass,US,8718.8,-112.779
B,bass,US,8812.5,-112.319
B,bass,US,8906.2,-112.023
B,bass,US,9000.0,-112.412
B,bass,US,9093.8,-112.858
B,bass,US,9187.5,-112.852
B,bass,US,9281.2,-113.217
B,bass,US,9375.0,-112.957
B,bass,US,9468.8,-112.538
B,bass,US,9562.5,-111.989
B,bass,US,9656.2,-109.976
B,bass,US,9750.0,-113.144
B,bass,US,9843.8,-113.042
B,bass,US,9937.5,-113.395
B,bass,US,10031.2,-113.496
B,bass,US,10125.0,-113.978
B,bass,US,10218.8,-114.594
B,bass,US,10312.5,-114.874
B,bass,US,10406.2,-114.505
B,bass,US,10500.0,-114.256
B,bass,US,10593.8,-114.681
B,bass,US,10687.5,-115.336
B,bass,US,10781.2,-115.151
B,bass,US,10875.0,-114.298
B,bass,US,10968.8,-114.4
B,bass,US,11062.5,-115.505
B,bass,US,11156.2,-115.425
B,bass,US,11250.0,-116.011
B,bass,US,11343.8,-116.798
B,bass,US,11437.5,-117.125
B,bass,US,11531.2,-117.203
B,bass,US,11625.0,-117.419
B,bass,US,11718.8,-117.071
B,bass,US,11812.5,-117.656
B,bass,US,11906.2,-117.703
B,bass,US,12000.0,-118.834
B,other,US,0.0,-75.867
B,other,US,93.8,-59.398
B,other,US,187.5,-56.741
B,other,US,281.2,-55.373
B,other,US,375.0,-57.315
B,other,US,468.8,-60.503
B,other,US,562.5,-60.142
B,other,US,656.2,-59.616
B,other,US,750.0,-62.009
B,other,US,843.8,-61.921
B,other,US,937.5,-63.29
B,other,US,1031.2,-63.911
B,other,US,1125.0,-63.931
B,other,US,1218.8,-66.328
B,other,US,1312.5,-62.407
B,other,US,1406.2,-64.591
B,other,US,1500.0,-66.223
B,other,US,1593.8,-66.216
B,other,US,1687.5,-67.465
B,other,US,1781.2,-65.249
B,other,US,1875.0,-65.522
B,other,US,1968.8,-65.698
B,other,US,2062.5,-67.945
B,other,US,2156.2,-69.096
B,other,US,2250.0,-67.563
B,other,US,2343.8,-66.051
B,other,US,2437.5,-69.35
B,other,US,2531.2,-69.888
B,other,US,2625.0,-67.374
B,other,US,2718.8,-71.355
B,other,US,2812.5,-68.693
B,other,US,2906.2,-71.779
B,other,US,3000.0,-71.561
B,other,US,3093.8,-73.361
B,other,US,3187.5,-73.043
B,other,US,3281.2,-72.462
B,other,US,3375.0,-72.797
B,other,US,3468.8,-74.217
B,other,US,3562.5,-73.177
B,other,US,3656.2,-75.938
B,other,US,3750.0,-73.497
B,other,US,3843.8,-76.784
B,other,US,3937.5,-75.008
B,other,US,4031.2,-77.054
B,other,US,4125.0,-77.742
B,other,US,4218.8,-75.562
B,other,US,4312.5,-79.199
B,other,US,4406.2,-78.354
B,other,US,4500.0,-79.144
B,other,US,4593.8,-78.957
B,other,US,4687.5,-78.708
B,other,US,4781.2,-80.839
B,other,US,4875.0,-81.696
B,other,US,4968.8,-80.975
B,other,US,5062.5,-82.166
B,other,US,5156.2,-83.402
B,other,US,5250.0,-82.928
B,other,US,5343.8,-83.739
B,other,US,5437.5,-85.562
B,other,US,5531.2,-84.29
B,other,US,5625.0,-84.303
B,other,US,5718.8,-86.516
B,other,US,5812.5,-87.497
B,other,US,5906.2,-85.554
B,other,US,6000.0,-87.734
B,other,US,6093.8,-88.01
B,other,US,6187.5,-89.808
B,other,US,6281.2,-87.253
B,other,US,6375.0,-89.699
B,other,US,6468.8,-90.762
B,other,US,6562.5,-90.577
B,other,US,6656.2,-90.275
B,other,US,6750.0,-91.303
B,other,US,6843.8,-91.784
B,other,US,6937.5,-91.634
B,other,US,7031.2,-91.575
B,other,US,7125.0,-91.6
B,other,US,7218.8,-92.635
B,other,US,7312.5,-93.497
B,other,US,7406.2,-92.406
B,other,US,7500.0,-92.119
B,other,US,7593.8,-93.498
B,other,US,7687.5,-94.123
B,other,US,7781.2,-93.604
B,other,US,7875.0,-93.473
B,other,US,7968.8,-93.768
B,other,US,8062.5,-94.098
B,other,US,8156.2,-95.533
B,other,US,8250.0,-95.063
B,other,US,8343.8,-95.451
B,other,US,8437.5,-94.681
B,other,US,8531.2,-95.54
B,other,US,8625.0,-95.571
B,other,US,8718.8,-96.084
B,other,US,8812.5,-94.73
B,other,US,8906.2,-95.811
B,other,US,9000.0,-97.886
B,other,US,9093.8,-96.983
B,other,US,9187.5,-97.153
B,other,US,9281.2,-97.47
B,other,US,9375.0,-98.16
B,other,US,9468.8,-98.897
B,other,US,9562.5,-99.65
B,other,US,9656.2,-97.756
B,other,US,9750.0,-100.467
B,other,US,9843.8,-99.317
B,other,US,9937.5,-99.677
B,other,US,10031.2,-100.037
B,other,US,10125.0,-101.727
B,other,US,10218.8,-101.932
B,other,US,10312.5,-101.219
B,other,US,10406.2,-102.212
B,other,US,10500.0,-102.133
B,other,US,10593.8,-102.896
B,other,US,10687.5,-104.599
B,other,US,10781.2,-105.52
B,other,US,10875.0,-105.064
B,other,US,10968.8,-106.926
B,other,US,11062.5,-107.405
B,other,US,11156.2,-108.213
B,other,US,11250.0,-108.487
B,other,US,11343.8,-110.792
B,other,US,11437.5,-112.151
B,other,US,11531.2,-112.632
B,other,US,11625.0,-113.868
B,other,US,11718.8,-114.335
B,other,US,11812.5,-115.068
B,other,US,11906.2,-116.099
B,other,US,12000.0,-117.961
B,mixture,UK,0.0,-60.936
B,mixture,UK,93.8,-41.075
B,mixture,UK,187.5,-41.91
B,mixture,UK,281.2,-45.288
B,mixture,UK,375.0,-46.898
B,mixture,UK,468.8,-50.62
B,mixture,UK,562.5,-49.473
B,mixture,UK,656.2,-47.368
B,mixture,UK,750.0,-49.731
B,mixture,UK,843.8,-53.338
B,mixture,UK,937.5,-55.454
B,mixture,UK,1031.2,-53.788
B,mixture,UK,1125.0,-53.022
B,mixture,UK,1218.8,-54.644
B,mixture,UK,1312.5,-51.298
B,mixture,UK,1406.2,-55.546
B,mixture,UK,1500.0,-54.297
B,mixture,UK,1593.8,-55.032
B,mixture,UK,1687.5,-55.374
B,mixture,UK,1781.2,-54.633
B,mixture,UK,1875.0,-56.229
B,mixture,UK,1968.8,-54.971
B,mixture,UK,2062.5,-57.301
B,mixture,UK,2156.2,-58.312
B,mixture,UK,2250.0,-56.22
B,mixture,UK,2343.8,-55.773
B,mixture,UK,2437.5,-57.267
B,mixture,UK,2531.2,-57.329
B,mixture,UK,2625.0,-55.739
B,mixture,UK,2718.8,-56.952
B,mixture,UK,2812.5,-59.281
B,mixture,UK,2906.2,-58.842
B,mixture,UK,3000.0,-58.509
B,mixture,UK,3093.8,-59.812
B,mixture,UK,3187.5,-59.876
B,mixture,UK,3281.2,-59.646
B,mixture,UK,3375.0,-59.312
B,mixture,UK,3468.8,-60.143
B,mixture,UK,3562.5,-59.781
B,mixture,UK,3656.2,-60.165
B,mixture,UK,3750.0,-60.528
B,mixture,UK,3843.8,-61.631
B,mixture,UK,3937.5,-60.741
B,mixture,UK,4031.2,-61.943
B,mixture,UK,4125.0,-62.911
B,mixture,UK,4218.8,-63.12
B,mixture,UK,4312.5,-63.7
B,mixture,UK,4406.2,-64.217
B,mixture,UK,4500.0,-64.531
B,mixture,UK,4593.8,-65.194
B,mixture,UK,4687.5,-65.186
B,mixture,UK,4781.2,-65.808
B,mixture,UK,4875.0,-65.616
B,mixture,UK,4968.8,-66.257
B,mixture,UK,5062.5,-66.916
B,mixture,UK,5156.2,-67.403
B,mixture,UK,5250.0,-67.216
B,mixture,UK,5343.8,-66.769
B,mixture,UK,5437.5,-66.947
B,mixture,UK,5531.2,-67.699
B,mixture,UK,5625.0,-67.339
B,mixture,UK,5718.8,-67.312
B,mixture,UK,5812.5,-68.279
B,mixture,UK,5906.2,-68.217
B,mixture,UK,6000.0,-68.153
B,mixture,UK,6093.8,-68.349
B,mixture,UK,6187.5,-68.803
B,mixture,UK,6281.2,-68.975
B,mixture,UK,6375.0,-69.353
B,mixture,UK,6468.8,-69.355
B,mixture,UK,6562.5,-69.785
B,mixture,UK,6656.2,-69.829
B,mixture,UK,6750.0,-70.173
B,mixture,UK,6843.8,-70.162
B,mixture,UK,6937.5,-70.837
B,mixture,UK,7031.2,-70.748
B,mixture,UK,7125.0,-70.831
B,mixture,UK,7218.8,-71.119
B,mixture,UK,7312.5,-70.695
B,mixture,UK,7406.2,-71.256
B,mixture,UK,7500.0,-71.056
B,mixture,UK,7593.8,-71.203
B,mixture,UK,7687.5,-71.34
B,mixture,UK,7781.2,-72.049
B,mixture,UK,7875.0,-71.694
B,mixture,UK,7968.8,-72.399
B,mixture,UK,8062.5,-72.33
B,mixture,UK,8156.2,-72.757
B,mixture,UK,8250.0,-73.061
B,mixture,UK,8343.8,-73.348
B,mixture,UK,8437.5,-73.271
B,mixture,UK,8531.2,-73.858
B,mixture,UK,8625.0,-73.469
B,mixture,UK,8718.8,-73.71
B,mixture,UK,8812.5,-73.631
B,mixture,UK,8906.2,-73.996
B,mixture,UK,9000.0,-73.969
B,mixture,UK,9093.8,-74.868
B,mixture,UK,9187.5,-74.479
B,mixture,UK,9281.2,-75.063
B,mixture,UK,9375.0,-74.573
B,mixture,UK,9468.8,-75.227
B,mixture,UK,9562.5,-75.566
B,mixture,UK,9656.2,-75.409
B,mixture,UK,9750.0,-75.98
B,mixture,UK,9843.8,-75.992
B,mixture,UK,9937.5,-76.538
B,mixture,UK,10031.2,-76.472
B,mixture,UK,10125.0,-77.281
B,mixture,UK,10218.8,-77.203
B,mixture,UK,10312.5,-77.167
B,mixture,UK,10406.2,-77.892
B,mixture,UK,10500.0,-78.213
B,mixture,UK,10593.8,-78.733
B,mixture,UK,10687.5,-79.17
B,mixture,UK,10781.2,-80.096
B,mixture,UK,10875.0,-80.731
B,mixture,UK,10968.8,-81.6
B,mixture,UK,11062.5,-82.648
B,mixture,UK,11156.2,-83.209
B,mixture,UK,11250.0,-84.615
B,mixture,UK,11343.8,-85.896
B,mixture,UK,11437.5,-86.873
B,mixture,UK,11531.2,-88.592
B,mixture,UK,11625.0,-89.677
B,mixture,UK,11718.8,-91.02
B,mixture,UK,11812.5,-92.524
B,mixture,UK,11906.2,-93.559
B,mixture,UK,12000.0,-98.26
B,vocals,UK,0.0,-82.054
B,vocals,UK,93.8,-81.002
B,vocals,UK,187.5,-65.567
B,vocals,UK,281.2,-61.856
B,vocals,UK,375.0,-62.661
B,vocals,UK,468.8,-62.863
B,vocals,UK,562.5,-61.862
B,vocals,UK,656.2,-62.478
B,vocals,UK,750.0,-65.751
B,vocals,UK,843.8,-68.725
B,vocals,UK,937.5,-68.979
B,vocals,UK,1031.2,-67.136
B,vocals,UK,1125.0,-68.612
B,vocals,UK,1218.8,-69.042
B,vocals,UK,1312.5,-67.585
B,vocals,UK,1406.2,-70.298
B,vocals,UK,1500.0,-69.731
B,vocals,UK,1593.8,-70.011
B,vocals,UK,1687.5,-70.322
B,vocals,UK,1781.2,-71.131
B,vocals,UK,1875.0,-73.432
B,vocals,UK,1968.8,-71.852
B,vocals,UK,2062.5,-73.35
B,vocals,UK,2156.2,-74.449
B,vocals,UK,2250.0,-74.952
B,vocals,UK,2343.8,-73.721
B,vocals,UK,2437.5,-73.755
B,vocals,UK,2531.2,-74.38
B,vocals,UK,2625.0,-72.216
B,vocals,UK,2718.8,-73.226
B,vocals,UK,2812.5,-74.388
B,vocals,UK,2906.2,-75.131
B,vocals,UK,3000.0,-76.001
B,vocals,UK,3093.8,-75.981
B,vocals,UK,3187.5,-76.416
B,vocals,UK,3281.2,-75.896
B,vocals,UK,3375.0,-76.42
B,vocals,UK,3468.8,-76.271
B,vocals,UK,3562.5,-77.894
B,vocals,UK,3656.2,-77.821
B,vocals,UK,3750.0,-77.216
B,vocals,UK,3843.8,-78.096
B,vocals,UK,3937.5,-78.389
B,vocals,UK,4031.2,-79.55
B,vocals,UK,4125.0,-81.212
B,vocals,UK,4218.8,-81.932
B,vocals,UK,4312.5,-82.664
B,vocals,UK,4406.2,-82.283
B,vocals,UK,4500.0,-82.798
B,vocals,UK,4593.8,-83.164
B,vocals,UK,4687.5,-83.202
B,vocals,UK,4781.2,-83.735
B,vocals,UK,4875.0,-83.385
B,vocals,UK,4968.8,-84.073
B,vocals,UK,5062.5,-84.206
B,vocals,UK,5156.2,-83.886
B,vocals,UK,5250.0,-83.901
B,vocals,UK,5343.8,-84.574
B,vocals,UK,5437.5,-84.331
B,vocals,UK,5531.2,-84.129
B,vocals,UK,5625.0,-84.301
B,vocals,UK,5718.8,-84.1
B,vocals,UK,5812.5,-84.607
B,vocals,UK,5906.2,-84.464
B,vocals,UK,6000.0,-84.827
B,vocals,UK,6093.8,-84.447
B,vocals,UK,6187.5,-84.762
B,vocals,UK,6281.2,-84.624
B,vocals,UK,6375.0,-85.15
B,vocals,UK,6468.8,-85.282
B,vocals,UK,6562.5,-85.42
B,vocals,UK,6656.2,-85.236
B,vocals,UK,6750.0,-85.98
B,vocals,UK,6843.8,-85.843
B,vocals,UK,6937.5,-85.714
B,vocals,UK,7031.2,-86.123
B,vocals,UK,7125.0,-86.264
B,vocals,UK,7218.8,-86.535
B,vocals,UK,7312.5,-85.959
B,vocals,UK,7406.2,-85.993
B,vocals,UK,7500.0,-86.104
B,vocals,UK,7593.8,-86.221
B,vocals,UK,7687.5,-86.362
B,vocals,UK,7781.2,-86.564
B,vocals,UK,7875.0,-85.947
B,vocals,UK,7968.8,-85.995
B,vocals,UK,8062.5,-86.221
B,vocals,UK,8156.2,-86.116
B,vocals,UK,8250.0,-87.496
B,vocals,UK,8343.8,-86.977
B,vocals,UK,8437.5,-87.243
B,vocals,UK,8531.2,-87.732
B,vocals,UK,8625.0,-87.959
B,vocals,UK,8718.8,-87.976
B,vocals,UK,8812.5,-88.108
B,vocals,UK,8906.2,-88.69
B,vocals,UK,9000.0,-88.845
B,vocals,UK,9093.8,-89.606
B,vocals,UK,9187.5,-89.019
B,vocals,UK,9281.2,-89.605
B,vocals,UK,9375.0,-90.259
B,vocals,UK,9468.8,-91.101
B,vocals,UK,9562.5,-91.032
B,vocals,UK,9656.2,-91.115
B,vocals,UK,9750.0,-91.235
B,vocals,UK,9843.8,-91.844
B,vocals,UK,9937.5,-92.502
B,vocals,UK,10031.2,-93.214
B,vocals,UK,10125.0,-93.57
B,vocals,UK,10218.8,-93.646
B,vocals,UK,10312.5,-94.161
B,vocals,UK,10406.2,-94.97
B,vocals,UK,10500.0,-95.536
B,vocals,UK,10593.8,-96.188
B,vocals,UK,10687.5,-97.202
B,vocals,UK,10781.2,-97.378
B,vocals,UK,10875.0,-98.393
B,vocals,UK,10968.8,-99.217
B,vocals,UK,11062.5,-100.022
B,vocals,UK,11156.2,-101.161
B,vocals,UK,11250.0,-101.944
B,vocals,UK,11343.8,-103.198
B,vocals,UK,11437.5,-104.049
B,vocals,UK,11531.2,-105.861
B,vocals,UK,11625.0,-107.097
B,vocals,UK,11718.8,-107.569
B,vocals,UK,11812.5,-108.823
B,vocals,UK,11906.2,-109.964
B,vocals,UK,12000.0,-112.455
B,drums,UK,0.0,-73.313
B,drums,UK,93.8,-57.408
B,drums,UK,187.5,-58.538
B,drums,UK,281.2,-66.111
B,drums,UK,375.0,-68.708
B,drums,UK,468.8,-70.941
B,drums,UK,562.5,-71.996
B,drums,UK,656.2,-74.666
B,drums,UK,750.0,-75.146
B,drums,UK,843.8,-75.291
B,drums,UK,937.5,-76.581
B,drums,UK,1031.2,-76.829
B,drums,UK,1125.0,-76.788
B,drums,UK,1218.8,-77.359
B,drums,UK,1312.5,-77.619
B,drums,UK,1406.2,-76.647
B,drums,UK,1500.0,-77.138
B,drums,UK,1593.8,-76.655
B,drums,UK,1687.5,-77.392
B,drums,UK,1781.2,-77.043
B,drums,UK,1875.0,-77.773
B,drums,UK,1968.8,-78.432
B,drums,UK,2062.5,-78.095
B,drums,UK,2156.2,-77.662
B,drums,UK,2250.0,-77.898
B,drums,UK,2343.8,-78.507
B,drums,UK,2437.5,-77.64
B,drums,UK,2531.2,-77.123
B,drums,UK,2625.0,-77.347
B,drums,UK,2718.8,-77.394
B,drums,UK,2812.5,-77.69
B,drums,UK,2906.2,-77.497
B,drums,UK,3000.0,-78.093
B,drums,UK,3093.8,-77.415
B,drums,UK,3187.5,-77.11
B,drums,UK,3281.2,-76.569
B,drums,UK,3375.0,-76.827
B,drums,UK,3468.8,-76.809
B,drums,UK,3562.5,-76.547
B,drums,UK,3656.2,-76.019
B,drums,UK,3750.0,-76.577
B,drums,UK,3843.8,-76.505
B,drums,UK,3937.5,-77.059
B,drums,UK,4031.2,-76.57
B,drums,UK,4125.0,-76.928
B,drums,UK,4218.8,-76.307
B,drums,UK,4312.5,-76.564
B,drums,UK,4406.2,-76.744
B,drums,UK,4500.0,-77.293
B,drums,UK,4593.8,-76.726
B,drums,UK,4687.5,-77.326
B,drums,UK,4781.2,-77.292
B,drums,UK,4875.0,-77.48
B,drums,UK,4968.8,-77.604
B,drums,UK,5062.5,-77.801
B,drums,UK,5156.2,-78.106
B,drums,UK,5250.0,-78.096
B,drums,UK,5343.8,-77.705
B,drums,UK,5437.5,-77.261
B,drums,UK,5531.2,-77.768
B,drums,UK,5625.0,-78.127
B,drums,UK,5718.8,-77.844
B,drums,UK,5812.5,-78.065
B,drums,UK,5906.2,-78.287
B,drums,UK,6000.0,-77.991
B,drums,UK,6093.8,-78.013
B,drums,UK,6187.5,-78.486
B,drums,UK,6281.2,-78.828
B,drums,UK,6375.0,-79.013
B,drums,UK,6468.8,-78.902
B,drums,UK,6562.5,-79.01
B,drums,UK,6656.2,-79.1
B,drums,UK,6750.0,-79.325
B,drums,UK,6843.8,-79.273
B,drums,UK,6937.5,-79.915
B,drums,UK,7031.2,-79.787
B,drums,UK,7125.0,-80.145
B,drums,UK,7218.8,-80.282
B,drums,UK,7312.5,-79.954
B,drums,UK,7406.2,-80.335
B,drums,UK,7500.0,-80.014
B,drums,UK,7593.8,-80.519
B,drums,UK,7687.5,-80.271
B,drums,UK,7781.2,-80.815
B,drums,UK,7875.0,-81.022
B,drums,UK,7968.8,-81.324
B,drums,UK,8062.5,-81.441
B,drums,UK,8156.2,-81.778
B,drums,UK,8250.0,-82.094
B,drums,UK,8343.8,-82.252
B,drums,UK,8437.5,-82.067
B,drums,UK,8531.2,-82.382
B,drums,UK,8625.0,-82.208
B,drums,UK,8718.8,-82.39
B,drums,UK,8812.5,-82.483
B,drums,UK,8906.2,-82.943
B,drums,UK,9000.0,-82.809
B,drums,UK,9093.8,-83.356
B,drums,UK,9187.5,-83.023
B,drums,UK,9281.2,-83.759
B,drums,UK,9375.0,-83.625
B,drums,UK,9468.8,-83.894
B,drums,UK,9562.5,-84.174
B,drums,UK,9656.2,-84.389
B,drums,UK,9750.0,-84.917
B,drums,UK,9843.8,-85.255
B,drums,UK,9937.5,-85.873
B,drums,UK,10031.2,-85.695
B,drums,UK,10125.0,-86.821
B,drums,UK,10218.8,-86.73
B,drums,UK,10312.5,-86.871
B,drums,UK,10406.2,-87.908
B,drums,UK,10500.0,-88.169
B,drums,UK,10593.8,-89.316
B,drums,UK,10687.5,-89.252
B,drums,UK,10781.2,-90.668
B,drums,UK,10875.0,-91.252
B,drums,UK,10968.8,-92.704
B,drums,UK,11062.5,-93.655
B,drums,UK,11156.2,-94.339
B,drums,UK,11250.0,-95.736
B,drums,UK,11343.8,-97.246
B,drums,UK,11437.5,-98.261
B,drums,UK,11531.2,-99.906
B,drums,UK,11625.0,-100.852
B,drums,UK,11718.8,-101.972
B,drums,UK,11812.5,-103.147
B,drums,UK,11906.2,-104.16
B,drums,UK,12000.0,-107.66
B,bass,UK,0.0,-71.332
B,bass,UK,93.8,-52.174
B,bass,UK,187.5,-57.436
B,bass,UK,281.2,-63.584
B,bass,UK,375.0,-70.242
B,bass,UK,468.8,-75.919
B,bass,UK,562.5,-76.549
B,bass,UK,656.2,-79.11
B,bass,UK,750.0,-80.98
B,bass,UK,843.8,-82.996
B,bass,UK,937.5,-84.743
B,bass,UK,1031.2,-85.37
B,bass,UK,1125.0,-85.427
B,bass,UK,1218.8,-87.176
B,bass,UK,1312.5,-86.869
B,bass,UK,1406.2,-87.568
B,bass,UK,1500.0,-87.859
B,bass,UK,1593.8,-88.005
B,bass,UK,1687.5,-88.809
B,bass,UK,1781.2,-89.355
B,bass,UK,1875.0,-90.39
B,bass,UK,1968.8,-90.177
B,bass,UK,2062.5,-90.624
B,bass,UK,2156.2,-90.974
B,bass,UK,2250.0,-91.245
B,bass,UK,2343.8,-91.355
B,bass,UK,2437.5,-92.081
B,bass,UK,2531.2,-92.082
B,bass,UK,2625.0,-92.223
B,bass,UK,2718.8,-93.496
B,bass,UK,2812.5,-94.19
B,bass,UK,2906.2,-93.841
B,bass,UK,3000.0,-94.425
B,bass,UK,3093.8,-94.639
B,bass,UK,3187.5,-94.934
B,bass,UK,3281.2,-95.313
B,bass,UK,3375.0,-95.26
B,bass,UK,3468.8,-95.594
B,bass,UK,3562.5,-95.635
B,bass,UK,3656.2,-95.862
B,bass,UK,3750.0,-96.785
B,bass,UK,3843.8,-97.73
B,bass,UK,3937.5,-97.199
B,bass,UK,4031.2,-98.064
B,bass,UK,4125.0,-98.868
B,bass,UK,4218.8,-98.759
B,bass,UK,4312.5,-99.788
B,bass,UK,4406.2,-100.508
B,bass,UK,4500.0,-100.869
B,bass,UK,4593.8,-101.013
B,bass,UK,4687.5,-101.452
B,bass,UK,4781.2,-102.221
B,bass,UK,4875.0,-102.803
B,bass,UK,4968.8,-102.696
B,bass,UK,5062.5,-103.435
B,bass,UK,5156.2,-103.419
B,bass,UK,5250.0,-103.008
B,bass,UK,5343.8,-103.415
B,bass,UK,5437.5,-104.321
B,bass,UK,5531.2,-105.119
B,bass,UK,5625.0,-105.108
B,bass,UK,5718.8,-104.724
B,bass,UK,5812.5,-105.529
B,bass,UK,5906.2,-105.867
B,bass,UK,6000.0,-106.443
B,bass,UK,6093.8,-106.769
B,bass,UK,6187.5,-106.666
B,bass,UK,6281.2,-106.446
B,bass,UK,6375.0,-107.021
B,bass,UK,6468.8,-107.558
B,bass,UK,6562.5,-107.486
B,bass,UK,6656.2,-107.673
B,bass,UK,6750.0,-106.995
B,bass,UK,6843.8,-107.007
B,bass,UK,6937.5,-107.8
B,bass,UK,7031.2,-108.324
B,bass,UK,7125.0,-108.759
B,bass,UK,7218.8,-108.205
B,bass,UK,7312.5,-108.113
B,bass,UK,7406.2,-108.198
B,bass,UK,7500.0,-108.719
B,bass,UK,7593.8,-108.859
B,bass,UK,7687.5,-108.824
B,bass,UK,7781.2,-108.781
B,bass,UK,7875.0,-108.609
B,bass,UK,7968.8,-108.663
B,bass,UK,8062.5,-108.366
B,bass,UK,8156.2,-108.72
B,bass,UK,8250.0,-109.84
B,bass,UK,8343.8,-108.601
B,bass,UK,8437.5,-108.342
B,bass,UK,8531.2,-109.75
B,bass,UK,8625.0,-110.427
B,bass,UK,8718.8,-110.946
B,bass,UK,8812.5,-110.591
B,bass,UK,8906.2,-110.525
B,bass,UK,9000.0,-110.713
B,bass,UK,9093.8,-110.945
B,bass,UK,9187.5,-111.269
B,bass,UK,9281.2,-111.681
B,bass,UK,9375.0,-111.022
B,bass,UK,9468.8,-110.72
B,bass,UK,9562.5,-110.475
B,bass,UK,9656.2,-108.079
B,bass,UK,9750.0,-111.513
B,bass,UK,9843.8,-111.714
B,bass,UK,9937.5,-112.046
B,bass,UK,10031.2,-111.855
B,bass,UK,10125.0,-112.517
B,bass,UK,10218.8,-113.102
B,bass,UK,10312.5,-113.563
B,bass,UK,10406.2,-113.193
B,bass,UK,10500.0,-112.703
B,bass,UK,10593.8,-113.264
B,bass,UK,10687.5,-113.56
B,bass,UK,10781.2,-113.673
B,bass,UK,10875.0,-112.721
B,bass,UK,10968.8,-113.668
B,bass,UK,11062.5,-114.533
B,bass,UK,11156.2,-114.311
B,bass,UK,11250.0,-114.508
B,bass,UK,11343.8,-115.48
B,bass,UK,11437.5,-115.735
B,bass,UK,11531.2,-115.389
B,bass,UK,11625.0,-116.114
B,bass,UK,11718.8,-115.522
B,bass,UK,11812.5,-116.179
B,bass,UK,11906.2,-116.371
B,bass,UK,12000.0,-117.771
B,other,UK,0.0,-73.621
B,other,UK,93.8,-55.656
B,other,UK,187.5,-53.545
B,other,UK,281.2,-53.297
B,other,UK,375.0,-53.76
B,other,UK,468.8,-60.24
B,other,UK,562.5,-57.498
B,other,UK,656.2,-53.701
B,other,UK,750.0,-56.523
B,other,UK,843.8,-61.064
B,other,UK,937.5,-63.669
B,other,UK,1031.2,-62.184
B,other,UK,1125.0,-59.547
B,other,UK,1218.8,-62.358
B,other,UK,1312.5,-57.401
B,other,UK,1406.2,-63.125
B,other,UK,1500.0,-60.916
B,other,UK,1593.8,-62.329
B,other,UK,1687.5,-62.015
B,other,UK,1781.2,-60.587
B,other,UK,1875.0,-62.475
B,other,UK,1968.8,-60.035
B,other,UK,2062.5,-64.289
B,other,UK,2156.2,-65.249
B,other,UK,2250.0,-62.281
B,other,UK,2343.8,-61.739
B,other,UK,2437.5,-64.204
B,other,UK,2531.2,-64.847
B,other,UK,2625.0,-62.14
B,other,UK,2718.8,-64.517
B,other,UK,2812.5,-66.512
B,other,UK,2906.2,-66.675
B,other,UK,3000.0,-66.169
B,other,UK,3093.8,-68.801
B,other,UK,3187.5,-68.996
B,other,UK,3281.2,-68.035
B,other,UK,3375.0,-68.097
B,other,UK,3468.8,-69.384
B,other,UK,3562.5,-68.37
B,other,UK,3656.2,-69.362
B,other,UK,3750.0,-69.931
B,other,UK,3843.8,-71.722
B,other,UK,3937.5,-68.5
B,other,UK,4031.2,-71.291
B,other,UK,4125.0,-72.393
B,other,UK,4218.8,-72.998
B,other,UK,4312.5,-72.733
B,other,UK,4406.2,-73.492
B,other,UK,4500.0,-73.797
B,other,UK,4593.8,-74.92
B,other,UK,4687.5,-75.093
B,other,UK,4781.2,-76.247
B,other,UK,4875.0,-76.55
B,other,UK,4968.8,-76.688
B,other,UK,5062.5,-78.993
B,other,UK,5156.2,-80.231
B,other,UK,5250.0,-80.09
B,other,UK,5343.8,-79.323
B,other,UK,5437.5,-80.782
B,other,UK,5531.2,-82.236
B,other,UK,5625.0,-80.906
B,other,UK,5718.8,-82.416
B,other,UK,5812.5,-83.296
B,other,UK,5906.2,-81.801
B,other,UK,6000.0,-83.918
B,other,UK,6093.8,-85.548
B,other,UK,6187.5,-85.794
B,other,UK,6281.2,-85.639
B,other,UK,6375.0,-86.929
B,other,UK,6468.8,-87.99
B,other,UK,6562.5,-88.126
B,other,UK,6656.2,-87.913
B,other,UK,6750.0,-89.207
B,other,UK,6843.8,-89.259
B,other,UK,6937.5,-90.429
B,other,UK,7031.2,-89.434
B,other,UK,7125.0,-89.487
B,other,UK,7218.8,-90.826
B,other,UK,7312.5,-90.629
B,other,UK,7406.2,-90.475
B,other,UK,7500.0,-90.425
B,other,UK,7593.8,-91.033
B,other,UK,7687.5,-91.353
B,other,UK,7781.2,-92.138
B,other,UK,7875.0,-91.475
B,other,UK,7968.8,-91.991
B,other,UK,8062.5,-93.006
B,other,UK,8156.2,-93.015
B,other,UK,8250.0,-93.483
B,other,UK,8343.8,-93.433
B,other,UK,8437.5,-93.523
B,other,UK,8531.2,-94.338
B,other,UK,8625.0,-92.72
B,other,UK,8718.8,-93.821
B,other,UK,8812.5,-93.329
B,other,UK,8906.2,-94.062
B,other,UK,9000.0,-94.343
B,other,UK,9093.8,-95.165
B,other,UK,9187.5,-95.635
B,other,UK,9281.2,-96.799
B,other,UK,9375.0,-95.538
B,other,UK,9468.8,-96.296
B,other,UK,9562.5,-96.999
B,other,UK,9656.2,-95.618
B,other,UK,9750.0,-98.012
B,other,UK,9843.8,-97.574
B,other,UK,9937.5,-97.755
B,other,UK,10031.2,-97.93
B,other,UK,10125.0,-99.062
B,other,UK,10218.8,-99.816
B,other,UK,10312.5,-99.261
B,other,UK,10406.2,-101.012
B,other,UK,10500.0,-100.681
B,other,UK,10593.8,-101.038
B,other,UK,10687.5,-102.095
B,other,UK,10781.2,-103.651
B,other,UK,10875.0,-103.606
B,other,UK,10968.8,-105.32
B,other,UK,11062.5,-106.847
B,other,UK,11156.2,-106.518
B,other,UK,11250.0,-107.118
B,other,UK,11343.8,-108.497
B,other,UK,11437.5,-109.98
B,other,UK,11531.2,-110.676
B,other,UK,11625.0,-111.53
B,other,UK,11718.8,-111.492
B,other,UK,11812.5,-112.538
B,other,UK,11906.2,-113.706
B,other,UK,12000.0,-115.785
B,mixture,Brazil,0.0,-59.282
B,mixture,Brazil,93.8,-39.128
B,mixture,Brazil,187.5,-41.459
B,mixture,Brazil,281.2,-45.383
B,mixture,Brazil,375.0,-45.025
B,mixture,Brazil,468.8,-47.703
B,mixture,Brazil,562.5,-47.179
B,mixture,Brazil,656.2,-46.45
B,mixture,Brazil,750.0,-48.263
B,mixture,Brazil,843.8,-51.553
B,mixture,Brazil,937.5,-52.428
B,mixture,Brazil,1031.2,-52.913
B,mixture,Brazil,1125.0,-53.443
B,mixture,Brazil,1218.8,-54.355
B,mixture,Brazil,1312.5,-51.608
B,mixture,Brazil,1406.2,-55.066
B,mixture,Brazil,1500.0,-54.586
B,mixture,Brazil,1593.8,-55.782
B,mixture,Brazil,1687.5,-57.589
B,mixture,Brazil,1781.2,-55.41
B,mixture,Brazil,1875.0,-58.195
B,mixture,Brazil,1968.8,-56.907
B,mixture,Brazil,2062.5,-59.49
B,mixture,Brazil,2156.2,-60.714
B,mixture,Brazil,2250.0,-58.68
B,mixture,Brazil,2343.8,-58.708
B,mixture,Brazil,2437.5,-59.994
B,mixture,Brazil,2531.2,-59.869
B,mixture,Brazil,2625.0,-58.678
B,mixture,Brazil,2718.8,-60.899
B,mixture,Brazil,2812.5,-61.222
B,mixture,Brazil,2906.2,-62.115
B,mixture,Brazil,3000.0,-61.264
B,mixture,Brazil,3093.8,-61.835
B,mixture,Brazil,3187.5,-61.97
B,mixture,Brazil,3281.2,-62.031
B,mixture,Brazil,3375.0,-62.437
B,mixture,Brazil,3468.8,-62.72
B,mixture,Brazil,3562.5,-61.435
B,mixture,Brazil,3656.2,-62.953
B,mixture,Brazil,3750.0,-63.057
B,mixture,Brazil,3843.8,-64.145
B,mixture,Brazil,3937.5,-63.505
B,mixture,Brazil,4031.2,-64.921
B,mixture,Brazil,4125.0,-65.849
B,mixture,Brazil,4218.8,-65.308
B,mixture,Brazil,4312.5,-65.875
B,mixture,Brazil,4406.2,-66.043
B,mixture,Brazil,4500.0,-66.361
B,mixture,Brazil,4593.8,-66.844
B,mixture,Brazil,4687.5,-66.895
B,mixture,Brazil,4781.2,-66.377
B,mixture,Brazil,4875.0,-66.616
B,mixture,Brazil,4968.8,-66.37
B,mixture,Brazil,5062.5,-66.473
B,mixture,Brazil,5156.2,-67.326
B,mixture,Brazil,5250.0,-66.388
B,mixture,Brazil,5343.8,-66.918
B,mixture,Brazil,5437.5,-67.253
B,mixture,Brazil,5531.2,-67.181
B,mixture,Brazil,5625.0,-67.375
B,mixture,Brazil,5718.8,-68.059
B,mixture,Brazil,5812.5,-67.56
B,mixture,Brazil,5906.2,-67.724
B,mixture,Brazil,6000.0,-68.041
B,mixture,Brazil,6093.8,-68.086
B,mixture,Brazil,6187.5,-68.323
B,mixture,Brazil,6281.2,-67.633
B,mixture,Brazil,6375.0,-68.112
B,mixture,Brazil,6468.8,-68.63
B,mixture,Brazil,6562.5,-68.009
B,mixture,Brazil,6656.2,-68.474
B,mixture,Brazil,6750.0,-68.968
B,mixture,Brazil,6843.8,-68.909
B,mixture,Brazil,6937.5,-68.735
B,mixture,Brazil,7031.2,-68.728
B,mixture,Brazil,7125.0,-68.483
B,mixture,Brazil,7218.8,-69.126
B,mixture,Brazil,7312.5,-69.087
B,mixture,Brazil,7406.2,-69.444
B,mixture,Brazil,7500.0,-69.573
B,mixture,Brazil,7593.8,-69.359
B,mixture,Brazil,7687.5,-69.472
B,mixture,Brazil,7781.2,-69.422
B,mixture,Brazil,7875.0,-69.594
B,mixture,Brazil,7968.8,-69.73
B,mixture,Brazil,8062.5,-69.872
B,mixture,Brazil,8156.2,-70.239
B,mixture,Brazil,8250.0,-70.098
B,mixture,Brazil,8343.8,-70.409
B,mixture,Brazil,8437.5,-70.704
B,mixture,Brazil,8531.2,-70.78
B,mixture,Brazil,8625.0,-70.571
B,mixture,Brazil,8718.8,-70.42
B,mixture,Brazil,8812.5,-71.018
B,mixture,Brazil,8906.2,-70.924
B,mixture,Brazil,9000.0,-71.447
B,mixture,Brazil,9093.8,-71.614
B,mixture,Brazil,9187.5,-71.835
B,mixture,Brazil,9281.2,-71.875
B,mixture,Brazil,9375.0,-71.558
B,mixture,Brazil,9468.8,-71.998
B,mixture,Brazil,9562.5,-72.175
B,mixture,Brazil,9656.2,-71.958
B,mixture,Brazil,9750.0,-72.452
B,mixture,Brazil,9843.8,-72.795
B,mixture,Brazil,9937.5,-72.911
B,mixture,Brazil,10031.2,-73.037
B,mixture,Brazil,10125.0,-73.129
B,mixture,Brazil,10218.8,-73.714
B,mixture,Brazil,10312.5,-74.056
B,mixture,Brazil,10406.2,-74.053
B,mixture,Brazil,10500.0,-74.517
B,mixture,Brazil,10593.8,-75.146
B,mixture,Brazil,10687.5,-75.653
B,mixture,Brazil,10781.2,-76.275
B,mixture,Brazil,10875.0,-77.799
B,mixture,Brazil,10968.8,-78.307
B,mixture,Brazil,11062.5,-79.095
B,mixture,Brazil,11156.2,-80.455
B,mixture,Brazil,11250.0,-81.509
B,mixture,Brazil,11343.8,-83.039
B,mixture,Brazil,11437.5,-84.806
B,mixture,Brazil,11531.2,-86.193
B,mixture,Brazil,11625.0,-87.745
B,mixture,Brazil,11718.8,-89.5
B,mixture,Brazil,11812.5,-90.97
B,mixture,Brazil,11906.2,-92.239
B,mixture,Brazil,12000.0,-96.913
B,vocals,Brazil,0.0,-73.687
B,vocals,Brazil,93.8,-70.723
B,vocals,Brazil,187.5,-54.742
B,vocals,Brazil,281.2,-52.153
B,vocals,Brazil,375.0,-50.901
B,vocals,Brazil,468.8,-51.359
B,vocals,Brazil,562.5,-50.722
B,vocals,Brazil,656.2,-49.946
B,vocals,Brazil,750.0,-52.193
B,vocals,Brazil,843.8,-55.271
B,vocals,Brazil,937.5,-56.465
B,vocals,Brazil,1031.2,-56.79
B,vocals,Brazil,1125.0,-57.422
B,vocals,Brazil,1218.8,-57.718
B,vocals,Brazil,1312.5,-56.276
B,vocals,Brazil,1406.2,-59.285
B,vocals,Brazil,1500.0,-59.63
B,vocals,Brazil,1593.8,-60.794
B,vocals,Brazil,1687.5,-62.406
B,vocals,Brazil,1781.2,-61.877
B,vocals,Brazil,1875.0,-64.061
B,vocals,Brazil,1968.8,-62.123
B,vocals,Brazil,2062.5,-64.812
B,vocals,Brazil,2156.2,-66.226
B,vocals,Brazil,2250.0,-65.351
B,vocals,Brazil,2343.8,-64.905
B,vocals,Brazil,2437.5,-65.261
B,vocals,Brazil,2531.2,-65.699
B,vocals,Brazil,2625.0,-65.108
B,vocals,Brazil,2718.8,-66.146
B,vocals,Brazil,2812.5,-67.389
B,vocals,Brazil,2906.2,-67.855
B,vocals,Brazil,3000.0,-68.232
B,vocals,Brazil,3093.8,-67.854
B,vocals,Brazil,3187.5,-67.997
B,vocals,Brazil,3281.2,-67.966
B,vocals,Brazil,3375.0,-68.105
B,vocals,Brazil,3468.8,-67.962
B,vocals,Brazil,3562.5,-67.659
B,vocals,Brazil,3656.2,-68.928
B,vocals,Brazil,3750.0,-69.497
B,vocals,Brazil,3843.8,-69.596
B,vocals,Brazil,3937.5,-70.118
B,vocals,Brazil,4031.2,-71.688
B,vocals,Brazil,4125.0,-72.309
B,vocals,Brazil,4218.8,-72.97
B,vocals,Brazil,4312.5,-73.908
B,vocals,Brazil,4406.2,-73.618
B,vocals,Brazil,4500.0,-74.269
B,vocals,Brazil,4593.8,-74.417
B,vocals,Brazil,4687.5,-74.713
B,vocals,Brazil,4781.2,-74.914
B,vocals,Brazil,4875.0,-74.391
B,vocals,Brazil,4968.8,-74.409
B,vocals,Brazil,5062.5,-74.452
B,vocals,Brazil,5156.2,-74.433
B,vocals,Brazil,5250.0,-74.036
B,vocals,Brazil,5343.8,-74.572
B,vocals,Brazil,5437.5,-74.135
B,vocals,Brazil,5531.2,-74.239
B,vocals,Brazil,5625.0,-74.627
B,vocals,Brazil,5718.8,-75.092
B,vocals,Brazil,5812.5,-75.089
B,vocals,Brazil,5906.2,-75.311
B,vocals,Brazil,6000.0,-75.695
B,vocals,Brazil,6093.8,-75.613
B,vocals,Brazil,6187.5,-75.543
B,vocals,Brazil,6281.2,-75.64
B,vocals,Brazil,6375.0,-76.114
B,vocals,Brazil,6468.8,-75.797
B,vocals,Brazil,6562.5,-75.432
B,vocals,Brazil,6656.2,-76.077
B,vocals,Brazil,6750.0,-76.019
B,vocals,Brazil,6843.8,-76.008
B,vocals,Brazil,6937.5,-76.005
B,vocals,Brazil,7031.2,-76.137
B,vocals,Brazil,7125.0,-76.254
B,vocals,Brazil,7218.8,-75.703
B,vocals,Brazil,7312.5,-76.067
B,vocals,Brazil,7406.2,-76.669
B,vocals,Brazil,7500.0,-76.592
B,vocals,Brazil,7593.8,-76.216
B,vocals,Brazil,7687.5,-76.576
B,vocals,Brazil,7781.2,-76.515
B,vocals,Brazil,7875.0,-76.691
B,vocals,Brazil,7968.8,-76.971
B,vocals,Brazil,8062.5,-76.836
B,vocals,Brazil,8156.2,-76.942
B,vocals,Brazil,8250.0,-77.3
B,vocals,Brazil,8343.8,-77.508
B,vocals,Brazil,8437.5,-77.764
B,vocals,Brazil,8531.2,-77.823
B,vocals,Brazil,8625.0,-77.899
B,vocals,Brazil,8718.8,-78.061
B,vocals,Brazil,8812.5,-78.656
B,vocals,Brazil,8906.2,-78.557
B,vocals,Brazil,9000.0,-79.204
B,vocals,Brazil,9093.8,-79.444
B,vocals,Brazil,9187.5,-79.598
B,vocals,Brazil,9281.2,-80.099
B,vocals,Brazil,9375.0,-80.232
B,vocals,Brazil,9468.8,-80.131
B,vocals,Brazil,9562.5,-80.649
B,vocals,Brazil,9656.2,-80.857
B,vocals,Brazil,9750.0,-81.325
B,vocals,Brazil,9843.8,-82.0
B,vocals,Brazil,9937.5,-82.549
B,vocals,Brazil,10031.2,-83.621
B,vocals,Brazil,10125.0,-83.92
B,vocals,Brazil,10218.8,-84.509
B,vocals,Brazil,10312.5,-85.399
B,vocals,Brazil,10406.2,-86.012
B,vocals,Brazil,10500.0,-87.461
B,vocals,Brazil,10593.8,-87.499
B,vocals,Brazil,10687.5,-88.82
B,vocals,Brazil,10781.2,-89.654
B,vocals,Brazil,10875.0,-90.737
B,vocals,Brazil,10968.8,-91.874
B,vocals,Brazil,11062.5,-93.297
B,vocals,Brazil,11156.2,-94.446
B,vocals,Brazil,11250.0,-95.344
B,vocals,Brazil,11343.8,-96.958
B,vocals,Brazil,11437.5,-98.9
B,vocals,Brazil,11531.2,-100.652
B,vocals,Brazil,11625.0,-102.41
B,vocals,Brazil,11718.8,-103.835
B,vocals,Brazil,11812.5,-105.308
B,vocals,Brazil,11906.2,-106.702
B,vocals,Brazil,12000.0,-110.252
B,drums,Brazil,0.0,-69.953
B,drums,Brazil,93.8,-52.13
B,drums,Brazil,187.5,-56.69
B,drums,Brazil,281.2,-66.243
B,drums,Brazil,375.0,-69.415
B,drums,Brazil,468.8,-72.361
B,drums,Brazil,562.5,-74.182
B,drums,Brazil,656.2,-77.473
B,drums,Brazil,750.0,-77.766
B,drums,Brazil,843.8,-77.937
B,drums,Brazil,937.5,-78.733
B,drums,Brazil,1031.2,-78.693
B,drums,Brazil,1125.0,-79.429
B,drums,Brazil,1218.8,-79.595
B,drums,Brazil,1312.5,-81.49
B,drums,Brazil,1406.2,-80.721
B,drums,Brazil,1500.0,-80.689
B,drums,Brazil,1593.8,-80.049
B,drums,Brazil,1687.5,-79.829
B,drums,Brazil,1781.2,-79.729
B,drums,Brazil,1875.0,-80.133
B,drums,Brazil,1968.8,-81.262
B,drums,Brazil,2062.5,-80.482
B,drums,Brazil,2156.2,-79.73
B,drums,Brazil,2250.0,-79.51
B,drums,Brazil,2343.8,-80.132
B,drums,Brazil,2437.5,-79.251
B,drums,Brazil,2531.2,-78.735
B,drums,Brazil,2625.0,-79.254
B,drums,Brazil,2718.8,-78.45
B,drums,Brazil,2812.5,-78.973
B,drums,Brazil,2906.2,-78.675
B,drums,Brazil,3000.0,-78.613
B,drums,Brazil,3093.8,-78.285
B,drums,Brazil,3187.5,-78.1
B,drums,Brazil,3281.2,-78.101
B,drums,Brazil,3375.0,-77.678
B,drums,Brazil,3468.8,-78.06
B,drums,Brazil,3562.5,-77.329
B,drums,Brazil,3656.2,-77.17
B,drums,Brazil,3750.0,-76.602
B,drums,Brazil,3843.8,-76.563
B,drums,Brazil,3937.5,-77.036
B,drums,Brazil,4031.2,-76.425
B,drums,Brazil,4125.0,-76.98
B,drums,Brazil,4218.8,-75.992
B,drums,Brazil,4312.5,-76.014
B,drums,Brazil,4406.2,-76.373
B,drums,Brazil,4500.0,-76.555
B,drums,Brazil,4593.8,-76.5
B,drums,Brazil,4687.5,-76.626
B,drums,Brazil,4781.2,-75.617
B,drums,Brazil,4875.0,-76.088
B,drums,Brazil,4968.8,-75.848
B,drums,Brazil,5062.5,-75.653
B,drums,Brazil,5156.2,-75.632
B,drums,Brazil,5250.0,-75.969
B,drums,Brazil,5343.8,-75.94
B,drums,Brazil,5437.5,-75.571
B,drums,Brazil,5531.2,-76.15
B,drums,Brazil,5625.0,-75.831
B,drums,Brazil,5718.8,-76.171
B,drums,Brazil,5812.5,-75.919
B,drums,Brazil,5906.2,-76.394
B,drums,Brazil,6000.0,-75.504
B,drums,Brazil,6093.8,-75.487
B,drums,Brazil,6187.5,-75.701
B,drums,Brazil,6281.2,-75.533
B,drums,Brazil,6375.0,-75.438
B,drums,Brazil,6468.8,-75.532
B,drums,Brazil,6562.5,-75.597
B,drums,Brazil,6656.2,-75.55
B,drums,Brazil,6750.0,-75.946
B,drums,Brazil,6843.8,-75.967
B,drums,Brazil,6937.5,-76.133
B,drums,Brazil,7031.2,-76.288
B,drums,Brazil,7125.0,-75.947
B,drums,Brazil,7218.8,-76.633
B,drums,Brazil,7312.5,-76.213
B,drums,Brazil,7406.2,-76.478
B,drums,Brazil,7500.0,-76.735
B,drums,Brazil,7593.8,-76.504
B,drums,Brazil,7687.5,-76.714
B,drums,Brazil,7781.2,-77.209
B,drums,Brazil,7875.0,-77.33
B,drums,Brazil,7968.8,-77.195
B,drums,Brazil,8062.5,-76.642
B,drums,Brazil,8156.2,-77.172
B,drums,Brazil,8250.0,-77.014
B,drums,Brazil,8343.8,-77.482
B,drums,Brazil,8437.5,-77.15
B,drums,Brazil,8531.2,-77.228
B,drums,Brazil,8625.0,-77.272
B,drums,Brazil,8718.8,-77.089
B,drums,Brazil,8812.5,-77.338
B,drums,Brazil,8906.2,-77.295
B,drums,Brazil,9000.0,-78.079
B,drums,Brazil,9093.8,-78.108
B,drums,Brazil,9187.5,-78.114
B,drums,Brazil,9281.2,-77.981
B,drums,Brazil,9375.0,-77.956
B,drums,Brazil,9468.8,-78.68
B,drums,Brazil,9562.5,-78.677
B,drums,Brazil,9656.2,-78.382
B,drums,Brazil,9750.0,-78.952
B,drums,Brazil,9843.8,-79.465
B,drums,Brazil,9937.5,-79.958
B,drums,Brazil,10031.2,-79.879
B,drums,Brazil,10125.0,-80.279
B,drums,Brazil,10218.8,-81.133
B,drums,Brazil,10312.5,-81.529
B,drums,Brazil,10406.2,-82.221
B,drums,Brazil,10500.0,-82.929
B,drums,Brazil,10593.8,-83.396
B,drums,Brazil,10687.5,-83.923
B,drums,Brazil,10781.2,-85.188
B,drums,Brazil,10875.0,-87.349
B,drums,Brazil,10968.8,-88.141
B,drums,Brazil,11062.5,-89.102
B,drums,Brazil,11156.2,-90.791
B,drums,Brazil,11250.0,-92.243
B,drums,Brazil,11343.8,-94.288
B,drums,Brazil,11437.5,-96.088
B,drums,Brazil,11531.2,-97.989
B,drums,Brazil,11625.0,-99.399
B,drums,Brazil,11718.8,-101.107
B,drums,Brazil,11812.5,-102.333
B,drums,Brazil,11906.2,-103.778
B,drums,Brazil,12000.0,-107.9
B,bass,Brazil,0.0,-66.285
B,bass,Brazil,93.8,-45.965
B,bass,Brazil,187.5,-52.612
B,bass,Brazil,281.2,-60.865
B,bass,Brazil,375.0,-66.792
B,bass,Brazil,468.8,-74.314
B,bass,Brazil,562.5,-76.761
B,bass,Brazil,656.2,-80.0
B,bass,Brazil,750.0,-80.742
B,bass,Brazil,843.8,-83.068
B,bass,Brazil,937.5,-84.869
B,bass,Brazil,1031.2,-86.3
B,bass,Brazil,1125.0,-86.722
B,bass,Brazil,1218.8,-88.83
B,bass,Brazil,1312.5,-89.565
B,bass,Brazil,1406.2,-90.002
B,bass,Brazil,1500.0,-90.295
B,bass,Brazil,1593.8,-90.772
B,bass,Brazil,1687.5,-92.156
B,bass,Brazil,1781.2,-92.493
B,bass,Brazil,1875.0,-93.375
B,bass,Brazil,1968.8,-94.067
B,bass,Brazil,2062.5,-93.751
B,bass,Brazil,2156.2,-94.653
B,bass,Brazil,2250.0,-93.976
B,bass,Brazil,2343.8,-95.929
B,bass,Brazil,2437.5,-96.183
B,bass,Brazil,2531.2,-95.458
B,bass,Brazil,2625.0,-96.315
B,bass,Brazil,2718.8,-96.983
B,bass,Brazil,2812.5,-98.058
B,bass,Brazil,2906.2,-98.168
B,bass,Brazil,3000.0,-97.221
B,bass,Brazil,3093.8,-98.053
B,bass,Brazil,3187.5,-98.404
B,bass,Brazil,3281.2,-99.093
B,bass,Brazil,3375.0,-99.358
B,bass,Brazil,3468.8,-99.645
B,bass,Brazil,3562.5,-99.16
B,bass,Brazil,3656.2,-98.98
B,bass,Brazil,3750.0,-100.359
B,bass,Brazil,3843.8,-101.196
B,bass,Brazil,3937.5,-101.104
B,bass,Brazil,4031.2,-101.133
B,bass,Brazil,4125.0,-101.19
B,bass,Brazil,4218.8,-101.145
B,bass,Brazil,4312.5,-102.252
B,bass,Brazil,4406.2,-103.354
B,bass,Brazil,4500.0,-102.783
B,bass,Brazil,4593.8,-103.007
B,bass,Brazil,4687.5,-103.463
B,bass,Brazil,4781.2,-103.216
B,bass,Brazil,4875.0,-104.152
B,bass,Brazil,4968.8,-104.058
B,bass,Brazil,5062.5,-103.966
B,bass,Brazil,5156.2,-103.484
B,bass,Brazil,5250.0,-103.205
B,bass,Brazil,5343.8,-103.988
B,bass,Brazil,5437.5,-104.96
B,bass,Brazil,5531.2,-105.758
B,bass,Brazil,5625.0,-105.183
B,bass,Brazil,5718.8,-105.219
B,bass,Brazil,5812.5,-105.386
B,bass,Brazil,5906.2,-106.149
B,bass,Brazil,6000.0,-106.351
B,bass,Brazil,6093.8,-106.961
B,bass,Brazil,6187.5,-106.405
B,bass,Brazil,6281.2,-106.222
B,bass,Brazil,6375.0,-106.16
B,bass,Brazil,6468.8,-107.04
B,bass,Brazil,6562.5,-107.324
B,bass,Brazil,6656.2,-107.165
B,bass,Brazil,6750.0,-106.64
B,bass,Brazil,6843.8,-106.603
B,bass,Brazil,6937.5,-107.319
B,bass,Brazil,7031.2,-107.522
B,bass,Brazil,7125.0,-107.628
B,bass,Brazil,7218.8,-107.7
B,bass,Brazil,7312.5,-108.05
B,bass,Brazil,7406.2,-107.663
B,bass,Brazil,7500.0,-108.157
B,bass,Brazil,7593.8,-108.212
B,bass,Brazil,7687.5,-108.564
B,bass,Brazil,7781.2,-107.726
B,bass,Brazil,7875.0,-107.776
B,bass,Brazil,7968.8,-107.654
B,bass,Brazil,8062.5,-107.547
B,bass,Brazil,8156.2,-108.08
B,bass,Brazil,8250.0,-108.729
B,bass,Brazil,8343.8,-107.5
B,bass,Brazil,8437.5,-107.157
B,bass,Brazil,8531.2,-108.424
B,bass,Brazil,8625.0,-109.43
B,bass,Brazil,8718.8,-109.669
B,bass,Brazil,8812.5,-109.669
B,bass,Brazil,8906.2,-109.167
B,bass,Brazil,9000.0,-109.728
B,bass,Brazil,9093.8,-109.845
B,bass,Brazil,9187.5,-110.466
B,bass,Brazil,9281.2,-110.759
B,bass,Brazil,9375.0,-110.103
B,bass,Brazil,9468.8,-109.474
B,bass,Brazil,9562.5,-108.68
B,bass,Brazil,9656.2,-106.887
B,bass,Brazil,9750.0,-109.894
B,bass,Brazil,9843.8,-110.212
B,bass,Brazil,9937.5,-110.774
B,bass,Brazil,10031.2,-110.755
B,bass,Brazil,10125.0,-111.096
B,bass,Brazil,10218.8,-111.879
B,bass,Brazil,10312.5,-112.453
B,bass,Brazil,10406.2,-112.154
B,bass,Brazil,10500.0,-111.974
B,bass,Brazil,10593.8,-112.337
B,bass,Brazil,10687.5,-112.779
B,bass,Brazil,10781.2,-112.479
B,bass,Brazil,10875.0,-112.819
B,bass,Brazil,10968.8,-113.065
B,bass,Brazil,11062.5,-113.782
B,bass,Brazil,11156.2,-113.993
B,bass,Brazil,11250.0,-114.218
B,bass,Brazil,11343.8,-115.334
B,bass,Brazil,11437.5,-115.771
B,bass,Brazil,11531.2,-115.658
B,bass,Brazil,11625.0,-116.564
B,bass,Brazil,11718.8,-116.162
B,bass,Brazil,11812.5,-116.956
B,bass,Brazil,11906.2,-117.187
B,bass,Brazil,12000.0,-118.534
B,other,Brazil,0.0,-72.508
B,other,Brazil,93.8,-55.368
B,other,Brazil,187.5,-51.592
B,other,Brazil,281.2,-52.665
B,other,Brazil,375.0,-52.425
B,other,Brazil,468.8,-57.655
B,other,Brazil,562.5,-58.419
B,other,Brazil,656.2,-56.501
B,other,Brazil,750.0,-57.245
B,other,Brazil,843.8,-61.304
B,other,Brazil,937.5,-61.716
B,other,Brazil,1031.2,-62.805
B,other,Brazil,1125.0,-62.682
B,other,Brazil,1218.8,-65.38
B,other,Brazil,1312.5,-61.148
B,other,Brazil,1406.2,-64.581
B,other,Brazil,1500.0,-63.126
B,other,Brazil,1593.8,-64.941
B,other,Brazil,1687.5,-66.327
B,other,Brazil,1781.2,-62.824
B,other,Brazil,1875.0,-66.263
B,other,Brazil,1968.8,-65.282
B,other,Brazil,2062.5,-67.759
B,other,Brazil,2156.2,-69.226
B,other,Brazil,2250.0,-65.822
B,other,Brazil,2343.8,-66.264
B,other,Brazil,2437.5,-70.092
B,other,Brazil,2531.2,-69.214
B,other,Brazil,2625.0,-67.755
B,other,Brazil,2718.8,-70.576
B,other,Brazil,2812.5,-70.302
B,other,Brazil,2906.2,-71.957
B,other,Brazil,3000.0,-69.637
B,other,Brazil,3093.8,-71.564
B,other,Brazil,3187.5,-72.248
B,other,Brazil,3281.2,-73.14
B,other,Brazil,3375.0,-72.845
B,other,Brazil,3468.8,-73.259
B,other,Brazil,3562.5,-71.478
B,other,Brazil,3656.2,-73.9
B,other,Brazil,3750.0,-73.186
B,other,Brazil,3843.8,-76.241
B,other,Brazil,3937.5,-74.562
B,other,Brazil,4031.2,-76.025
B,other,Brazil,4125.0,-77.26
B,other,Brazil,4218.8,-76.373
B,other,Brazil,4312.5,-76.664
B,other,Brazil,4406.2,-77.275
B,other,Brazil,4500.0,-76.412
B,other,Brazil,4593.8,-78.935
B,other,Brazil,4687.5,-78.589
B,other,Brazil,4781.2,-76.922
B,other,Brazil,4875.0,-78.728
B,other,Brazil,4968.8,-78.277
B,other,Brazil,5062.5,-79.042
B,other,Brazil,5156.2,-81.128
B,other,Brazil,5250.0,-79.585
B,other,Brazil,5343.8,-80.146
B,other,Brazil,5437.5,-82.488
B,other,Brazil,5531.2,-82.302
B,other,Brazil,5625.0,-82.282
B,other,Brazil,5718.8,-84.439
B,other,Brazil,5812.5,-84.153
B,other,Brazil,5906.2,-83.372
B,other,Brazil,6000.0,-83.583
B,other,Brazil,6093.8,-85.609
B,other,Brazil,6187.5,-85.062
B,other,Brazil,6281.2,-84.777
B,other,Brazil,6375.0,-85.246
B,other,Brazil,6468.8,-87.589
B,other,Brazil,6562.5,-87.675
B,other,Brazil,6656.2,-87.166
B,other,Brazil,6750.0,-87.529
B,other,Brazil,6843.8,-87.69
B,other,Brazil,6937.5,-87.902
B,other,Brazil,7031.2,-87.528
B,other,Brazil,7125.0,-86.92
B,other,Brazil,7218.8,-89.94
B,other,Brazil,7312.5,-89.483
B,other,Brazil,7406.2,-89.141
B,other,Brazil,7500.0,-88.303
B,other,Brazil,7593.8,-88.75
B,other,Brazil,7687.5,-88.585
B,other,Brazil,7781.2,-88.421
B,other,Brazil,7875.0,-89.088
B,other,Brazil,7968.8,-87.146
B,other,Brazil,8062.5,-89.741
B,other,Brazil,8156.2,-90.131
B,other,Brazil,8250.0,-90.942
B,other,Brazil,8343.8,-90.489
B,other,Brazil,8437.5,-90.595
B,other,Brazil,8531.2,-91.273
B,other,Brazil,8625.0,-91.007
B,other,Brazil,8718.8,-91.172
B,other,Brazil,8812.5,-90.9
B,other,Brazil,8906.2,-92.267
B,other,Brazil,9000.0,-92.024
B,other,Brazil,9093.8,-92.507
B,other,Brazil,9187.5,-94.148
B,other,Brazil,9281.2,-94.253
B,other,Brazil,9375.0,-93.317
B,other,Brazil,9468.8,-93.848
B,other,Brazil,9562.5,-95.489
B,other,Brazil,9656.2,-94.492
B,other,Brazil,9750.0,-94.875
B,other,Brazil,9843.8,-96.253
B,other,Brazil,9937.5,-96.609
B,other,Brazil,10031.2,-96.707
B,other,Brazil,10125.0,-96.825
B,other,Brazil,10218.8,-97.65
B,other,Brazil,10312.5,-98.55
B,other,Brazil,10406.2,-99.007
B,other,Brazil,10500.0,-98.843
B,other,Brazil,10593.8,-100.217
B,other,Brazil,10687.5,-100.89
B,other,Brazil,10781.2,-101.438
B,other,Brazil,10875.0,-103.172
B,other,Brazil,10968.8,-104.645
B,other,Brazil,11062.5,-105.161
B,other,Brazil,11156.2,-105.88
B,other,Brazil,11250.0,-105.819
B,other,Brazil,11343.8,-108.147
B,other,Brazil,11437.5,-109.883
B,other,Brazil,11531.2,-110.394
B,other,Brazil,11625.0,-112.065
B,other,Brazil,11718.8,-112.466
B,other,Brazil,11812.5,-113.583
B,other,Brazil,11906.2,-114.276
B,other,Brazil,12000.0,-116.521
B,mixture,Spain,0.0,-60.164
B,mixture,Spain,93.8,-39.961
B,mixture,Spain,187.5,-42.439
B,mixture,Spain,281.2,-46.32
B,mixture,Spain,375.0,-47.248
B,mixture,Spain,468.8,-49.197
B,mixture,Spain,562.5,-50.377
B,mixture,Spain,656.2,-48.818
B,mixture,Spain,750.0,-50.285
B,mixture,Spain,843.8,-52.961
B,mixture,Spain,937.5,-53.408
B,mixture,Spain,1031.2,-53.82
B,mixture,Spain,1125.0,-54.356
B,mixture,Spain,1218.8,-55.235
B,mixture,Spain,1312.5,-53.975
B,mixture,Spain,1406.2,-55.413
B,mixture,Spain,1500.0,-55.519
B,mixture,Spain,1593.8,-56.263
B,mixture,Spain,1687.5,-57.858
B,mixture,Spain,1781.2,-56.515
B,mixture,Spain,1875.0,-57.352
B,mixture,Spain,1968.8,-56.415
B,mixture,Spain,2062.5,-59.063
B,mixture,Spain,2156.2,-59.955
B,mixture,Spain,2250.0,-59.994
B,mixture,Spain,2343.8,-57.598
B,mixture,Spain,2437.5,-60.312
B,mixture,Spain,2531.2,-60.925
B,mixture,Spain,2625.0,-58.593
B,mixture,Spain,2718.8,-60.699
B,mixture,Spain,2812.5,-60.466
B,mixture,Spain,2906.2,-62.068
B,mixture,Spain,3000.0,-60.702
B,mixture,Spain,3093.8,-61.197
B,mixture,Spain,3187.5,-62.038
B,mixture,Spain,3281.2,-61.703
B,mixture,Spain,3375.0,-62.639
B,mixture,Spain,3468.8,-62.492
B,mixture,Spain,3562.5,-62.358
B,mixture,Spain,3656.2,-63.374
B,mixture,Spain,3750.0,-62.681
B,mixture,Spain,3843.8,-64.193
B,mixture,Spain,3937.5,-63.694
B,mixture,Spain,4031.2,-65.199
B,mixture,Spain,4125.0,-65.128
B,mixture,Spain,4218.8,-65.178
B,mixture,Spain,4312.5,-65.528
B,mixture,Spain,4406.2,-65.606
B,mixture,Spain,4500.0,-66.504
B,mixture,Spain,4593.8,-66.917
B,mixture,Spain,4687.5,-67.098
B,mixture,Spain,4781.2,-67.236
B,mixture,Spain,4875.0,-67.696
B,mixture,Spain,4968.8,-66.978
B,mixture,Spain,5062.5,-67.88
B,mixture,Spain,5156.2,-68.047
B,mixture,Spain,5250.0,-67.542
B,mixture,Spain,5343.8,-67.727
B,mixture,Spain,5437.5,-68.367
B,mixture,Spain,5531.2,-68.006
B,mixture,Spain,5625.0,-67.475
B,mixture,Spain,5718.8,-68.723
B,mixture,Spain,5812.5,-69.044
B,mixture,Spain,5906.2,-68.339
B,mixture,Spain,6000.0,-68.606
B,mixture,Spain,6093.8,-69.831
B,mixture,Spain,6187.5,-69.476
B,mixture,Spain,6281.2,-69.144
B,mixture,Spain,6375.0,-70.264
B,mixture,Spain,6468.8,-70.345
B,mixture,Spain,6562.5,-70.479
B,mixture,Spain,6656.2,-70.459
B,mixture,Spain,6750.0,-71.005
B,mixture,Spain,6843.8,-71.09
B,mixture,Spain,6937.5,-71.555
B,mixture,Spain,7031.2,-70.795
B,mixture,Spain,7125.0,-71.395
B,mixture,Spain,7218.8,-71.532
B,mixture,Spain,7312.5,-71.704
B,mixture,Spain,7406.2,-71.636
B,mixture,Spain,7500.0,-71.762
B,mixture,Spain,7593.8,-71.802
B,mixture,Spain,7687.5,-72.174
B,mixture,Spain,7781.2,-72.985
B,mixture,Spain,7875.0,-72.492
B,mixture,Spain,7968.8,-72.039
B,mixture,Spain,8062.5,-73.02
B,mixture,Spain,8156.2,-73.204
B,mixture,Spain,8250.0,-72.891
B,mixture,Spain,8343.8,-73.432
B,mixture,Spain,8437.5,-73.102
B,mixture,Spain,8531.2,-73.666
B,mixture,Spain,8625.0,-73.688
B,mixture,Spain,8718.8,-74.122
B,mixture,Spain,8812.5,-74.188
B,mixture,Spain,8906.2,-74.206
B,mixture,Spain,9000.0,-74.619
B,mixture,Spain,9093.8,-74.626
B,mixture,Spain,9187.5,-75.357
B,mixture,Spain,9281.2,-75.023
B,mixture,Spain,9375.0,-75.51
B,mixture,Spain,9468.8,-75.5
B,mixture,Spain,9562.5,-76.099
B,mixture,Spain,9656.2,-76.096
B,mixture,Spain,9750.0,-76.298
B,mixture,Spain,9843.8,-76.698
B,mixture,Spain,9937.5,-76.64
B,mixture,Spain,10031.2,-76.866
B,mixture,Spain,10125.0,-77.455
B,mixture,Spain,10218.8,-77.939
B,mixture,Spain,10312.5,-77.969
B,mixture,Spain,10406.2,-78.008
B,mixture,Spain,10500.0,-78.743
B,mixture,Spain,10593.8,-79.01
B,mixture,Spain,10687.5,-79.567
B,mixture,Spain,10781.2,-80.75
B,mixture,Spain,10875.0,-81.329
B,mixture,Spain,10968.8,-81.881
B,mixture,Spain,11062.5,-82.939
B,mixture,Spain,11156.2,-83.991
B,mixture,Spain,11250.0,-85.11
B,mixture,Spain,11343.8,-86.352
B,mixture,Spain,11437.5,-87.922
B,mixture,Spain,11531.2,-89.298
B,mixture,Spain,11625.0,-90.986
B,mixture,Spain,11718.8,-92.673
B,mixture,Spain,11812.5,-93.878
B,mixture,Spain,11906.2,-95.569
B,mixture,Spain,12000.0,-100.26
B,vocals,Spain,0.0,-77.579
B,vocals,Spain,93.8,-76.334
B,vocals,Spain,187.5,-61.583
B,vocals,Spain,281.2,-57.446
B,vocals,Spain,375.0,-55.569
B,vocals,Spain,468.8,-56.802
B,vocals,Spain,562.5,-56.68
B,vocals,Spain,656.2,-56.143
B,vocals,Spain,750.0,-56.82
B,vocals,Spain,843.8,-59.123
B,vocals,Spain,937.5,-60.401
B,vocals,Spain,1031.2,-60.963
B,vocals,Spain,1125.0,-60.125
B,vocals,Spain,1218.8,-61.343
B,vocals,Spain,1312.5,-61.816
B,vocals,Spain,1406.2,-62.756
B,vocals,Spain,1500.0,-62.075
B,vocals,Spain,1593.8,-63.895
B,vocals,Spain,1687.5,-64.548
B,vocals,Spain,1781.2,-65.048
B,vocals,Spain,1875.0,-66.08
B,vocals,Spain,1968.8,-65.386
B,vocals,Spain,2062.5,-67.19
B,vocals,Spain,2156.2,-67.842
B,vocals,Spain,2250.0,-67.646
B,vocals,Spain,2343.8,-66.517
B,vocals,Spain,2437.5,-67.969
B,vocals,Spain,2531.2,-68.353
B,vocals,Spain,2625.0,-67.123
B,vocals,Spain,2718.8,-67.415
B,vocals,Spain,2812.5,-68.518
B,vocals,Spain,2906.2,-69.745
B,vocals,Spain,3000.0,-69.154
B,vocals,Spain,3093.8,-69.693
B,vocals,Spain,3187.5,-70.124
B,vocals,Spain,3281.2,-69.713
B,vocals,Spain,3375.0,-69.892
B,vocals,Spain,3468.8,-70.249
B,vocals,Spain,3562.5,-70.293
B,vocals,Spain,3656.2,-71.44
B,vocals,Spain,3750.0,-71.319
B,vocals,Spain,3843.8,-71.78
B,vocals,Spain,3937.5,-72.404
B,vocals,Spain,4031.2,-72.941
B,vocals,Spain,4125.0,-73.598
B,vocals,Spain,4218.8,-73.986
B,vocals,Spain,4312.5,-74.936
B,vocals,Spain,4406.2,-74.384
B,vocals,Spain,4500.0,-75.386
B,vocals,Spain,4593.8,-75.187
B,vocals,Spain,4687.5,-75.472
B,vocals,Spain,4781.2,-76.46
B,vocals,Spain,4875.0,-76.262
B,vocals,Spain,4968.8,-76.18
B,vocals,Spain,5062.5,-75.955
B,vocals,Spain,5156.2,-76.42
B,vocals,Spain,5250.0,-76.43
B,vocals,Spain,5343.8,-75.852
B,vocals,Spain,5437.5,-76.123
B,vocals,Spain,5531.2,-75.985
B,vocals,Spain,5625.0,-76.074
B,vocals,Spain,5718.8,-76.899
B,vocals,Spain,5812.5,-76.58
B,vocals,Spain,5906.2,-76.302
B,vocals,Spain,6000.0,-76.602
B,vocals,Spain,6093.8,-77.545
B,vocals,Spain,6187.5,-77.2
B,vocals,Spain,6281.2,-77.061
B,vocals,Spain,6375.0,-77.749
B,vocals,Spain,6468.8,-77.578
B,vocals,Spain,6562.5,-78.405
B,vocals,Spain,6656.2,-78.217
B,vocals,Spain,6750.0,-78.446
B,vocals,Spain,6843.8,-78.917
B,vocals,Spain,6937.5,-79.207
B,vocals,Spain,7031.2,-79.177
B,vocals,Spain,7125.0,-79.07
B,vocals,Spain,7218.8,-79.171
B,vocals,Spain,7312.5,-79.322
B,vocals,Spain,7406.2,-79.397
B,vocals,Spain,7500.0,-79.381
B,vocals,Spain,7593.8,-79.704
B,vocals,Spain,7687.5,-80.172
B,vocals,Spain,7781.2,-80.403
B,vocals,Spain,7875.0,-80.289
B,vocals,Spain,7968.8,-80.384
B,vocals,Spain,8062.5,-80.337
B,vocals,Spain,8156.2,-80.533
B,vocals,Spain,8250.0,-80.874
B,vocals,Spain,8343.8,-81.041
B,vocals,Spain,8437.5,-80.663
B,vocals,Spain,8531.2,-81.317
B,vocals,Spain,8625.0,-81.153
B,vocals,Spain,8718.8,-81.648
B,vocals,Spain,8812.5,-81.762
B,vocals,Spain,8906.2,-81.885
B,vocals,Spain,9000.0,-82.192
B,vocals,Spain,9093.8,-82.618
B,vocals,Spain,9187.5,-82.963
B,vocals,Spain,9281.2,-83.321
B,vocals,Spain,9375.0,-83.27
B,vocals,Spain,9468.8,-83.486
B,vocals,Spain,9562.5,-84.547
B,vocals,Spain,9656.2,-84.562
B,vocals,Spain,9750.0,-84.996
B,vocals,Spain,9843.8,-85.366
B,vocals,Spain,9937.5,-85.716
B,vocals,Spain,10031.2,-86.745
B,vocals,Spain,10125.0,-86.94
B,vocals,Spain,10218.8,-87.211
B,vocals,Spain,10312.5,-88.209
B,vocals,Spain,10406.2,-88.813
B,vocals,Spain,10500.0,-89.884
B,vocals,Spain,10593.8,-90.513
B,vocals,Spain,10687.5,-90.961
B,vocals,Spain,10781.2,-92.152
B,vocals,Spain,10875.0,-93.351
B,vocals,Spain,10968.8,-94.076
B,vocals,Spain,11062.5,-95.547
B,vocals,Spain,11156.2,-96.272
B,vocals,Spain,11250.0,-97.59
B,vocals,Spain,11343.8,-98.85
B,vocals,Spain,11437.5,-100.674
B,vocals,Spain,11531.2,-102.067
B,vocals,Spain,11625.0,-103.686
B,vocals,Spain,11718.8,-105.407
B,vocals,Spain,11812.5,-106.664
B,vocals,Spain,11906.2,-108.269
B,vocals,Spain,12000.0,-111.523
B,drums,Spain,0.0,-73.031
B,drums,Spain,93.8,-57.427
B,drums,Spain,187.5,-61.265
B,drums,Spain,281.2,-69.576
B,drums,Spain,375.0,-72.536
B,drums,Spain,468.8,-74.071
B,drums,Spain,562.5,-76.691
B,drums,Spain,656.2,-78.707
B,drums,Spain,750.0,-79.284
B,drums,Spain,843.8,-79.902
B,drums,Spain,937.5,-80.349
B,drums,Spain,1031.2,-81.081
B,drums,Spain,1125.0,-80.962
B,drums,Spain,1218.8,-81.329
B,drums,Spain,1312.5,-82.182
B,drums,Spain,1406.2,-81.964
B,drums,Spain,1500.0,-82.197
B,drums,Spain,1593.8,-81.715
B,drums,Spain,1687.5,-81.912
B,drums,Spain,1781.2,-82.129
B,drums,Spain,1875.0,-82.44
B,drums,Spain,1968.8,-82.408
B,drums,Spain,2062.5,-82.03
B,drums,Spain,2156.2,-81.26
B,drums,Spain,2250.0,-81.848
B,drums,Spain,2343.8,-82.202
B,drums,Spain,2437.5,-81.614
B,drums,Spain,2531.2,-81.083
B,drums,Spain,2625.0,-81.323
B,drums,Spain,2718.8,-80.843
B,drums,Spain,2812.5,-81.693
B,drums,Spain,2906.2,-81.807
B,drums,Spain,3000.0,-81.826
B,drums,Spain,3093.8,-80.77
B,drums,Spain,3187.5,-80.598
B,drums,Spain,3281.2,-80.926
B,drums,Spain,3375.0,-80.471
B,drums,Spain,3468.8,-80.983
B,drums,Spain,3562.5,-80.799
B,drums,Spain,3656.2,-80.552
B,drums,Spain,3750.0,-80.745
B,drums,Spain,3843.8,-80.528
B,drums,Spain,3937.5,-81.497
B,drums,Spain,4031.2,-81.082
B,drums,Spain,4125.0,-80.725
B,drums,Spain,4218.8,-80.285
B,drums,Spain,4312.5,-80.168
B,drums,Spain,4406.2,-80.508
B,drums,Spain,4500.0,-80.276
B,drums,Spain,4593.8,-80.481
B,drums,Spain,4687.5,-80.978
B,drums,Spain,4781.2,-80.618
B,drums,Spain,4875.0,-80.638
B,drums,Spain,4968.8,-81.001
B,drums,Spain,5062.5,-80.648
B,drums,Spain,5156.2,-80.556
B,drums,Spain,5250.0,-80.489
B,drums,Spain,5343.8,-81.098
B,drums,Spain,5437.5,-80.563
B,drums,Spain,5531.2,-81.022
B,drums,Spain,5625.0,-80.738
B,drums,Spain,5718.8,-80.82
B,drums,Spain,5812.5,-81.392
B,drums,Spain,5906.2,-82.08
B,drums,Spain,6000.0,-81.132
B,drums,Spain,6093.8,-81.854
B,drums,Spain,6187.5,-82.045
B,drums,Spain,6281.2,-81.933
B,drums,Spain,6375.0,-82.375
B,drums,Spain,6468.8,-82.038
B,drums,Spain,6562.5,-81.462
B,drums,Spain,6656.2,-81.367
B,drums,Spain,6750.0,-82.624
B,drums,Spain,6843.8,-82.623
B,drums,Spain,6937.5,-82.854
B,drums,Spain,7031.2,-83.176
B,drums,Spain,7125.0,-83.731
B,drums,Spain,7218.8,-83.56
B,drums,Spain,7312.5,-83.646
B,drums,Spain,7406.2,-83.718
B,drums,Spain,7500.0,-83.378
B,drums,Spain,7593.8,-83.485
B,drums,Spain,7687.5,-84.146
B,drums,Spain,7781.2,-84.395
B,drums,Spain,7875.0,-84.136
B,drums,Spain,7968.8,-83.844
B,drums,Spain,8062.5,-84.486
B,drums,Spain,8156.2,-84.303
B,drums,Spain,8250.0,-84.457
B,drums,Spain,8343.8,-84.781
B,drums,Spain,8437.5,-85.059
B,drums,Spain,8531.2,-85.246
B,drums,Spain,8625.0,-85.388
B,drums,Spain,8718.8,-85.131
B,drums,Spain,8812.5,-85.098
B,drums,Spain,8906.2,-85.504
B,drums,Spain,9000.0,-85.549
B,drums,Spain,9093.8,-85.592
B,drums,Spain,9187.5,-85.468
B,drums,Spain,9281.2,-85.964
B,drums,Spain,9375.0,-86.803
B,drums,Spain,9468.8,-87.187
B,drums,Spain,9562.5,-87.074
B,drums,Spain,9656.2,-86.82
B,drums,Spain,9750.0,-87.63
B,drums,Spain,9843.8,-88.184
B,drums,Spain,9937.5,-88.164
B,drums,Spain,10031.2,-87.948
B,drums,Spain,10125.0,-89.302
B,drums,Spain,10218.8,-89.402
B,drums,Spain,10312.5,-89.584
B,drums,Spain,10406.2,-90.104
B,drums,Spain,10500.0,-90.702
B,drums,Spain,10593.8,-91.188
B,drums,Spain,10687.5,-92.016
B,drums,Spain,10781.2,-93.155
B,drums,Spain,10875.0,-93.918
B,drums,Spain,10968.8,-94.869
B,drums,Spain,11062.5,-95.83
B,drums,Spain,11156.2,-97.293
B,drums,Spain,11250.0,-98.468
B,drums,Spain,11343.8,-99.705
B,drums,Spain,11437.5,-100.628
B,drums,Spain,11531.2,-102.462
B,drums,Spain,11625.0,-103.536
B,drums,Spain,11718.8,-104.741
B,drums,Spain,11812.5,-105.858
B,drums,Spain,11906.2,-107.011
B,drums,Spain,12000.0,-110.342
B,bass,Spain,0.0,-65.605
B,bass,Spain,93.8,-43.846
B,bass,Spain,187.5,-51.742
B,bass,Spain,281.2,-60.664
B,bass,Spain,375.0,-68.412
B,bass,Spain,468.8,-73.357
B,bass,Spain,562.5,-77.113
B,bass,Spain,656.2,-78.682
B,bass,Spain,750.0,-81.035
B,bass,Spain,843.8,-83.23
B,bass,Spain,937.5,-84.17
B,bass,Spain,1031.2,-86.023
B,bass,Spain,1125.0,-86.84
B,bass,Spain,1218.8,-88.452
B,bass,Spain,1312.5,-89.402
B,bass,Spain,1406.2,-89.103
B,bass,Spain,1500.0,-89.815
B,bass,Spain,1593.8,-90.166
B,bass,Spain,1687.5,-91.958
B,bass,Spain,1781.2,-92.183
B,bass,Spain,1875.0,-93.284
B,bass,Spain,1968.8,-93.044
B,bass,Spain,2062.5,-92.767
B,bass,Spain,2156.2,-93.996
B,bass,Spain,2250.0,-95.415
B,bass,Spain,2343.8,-95.322
B,bass,Spain,2437.5,-95.961
B,bass,Spain,2531.2,-95.908
B,bass,Spain,2625.0,-96.275
B,bass,Spain,2718.8,-97.308
B,bass,Spain,2812.5,-96.824
B,bass,Spain,2906.2,-97.321
B,bass,Spain,3000.0,-96.827
B,bass,Spain,3093.8,-97.384
B,bass,Spain,3187.5,-97.62
B,bass,Spain,3281.2,-98.255
B,bass,Spain,3375.0,-99.156
B,bass,Spain,3468.8,-98.668
B,bass,Spain,3562.5,-98.944
B,bass,Spain,3656.2,-99.411
B,bass,Spain,3750.0,-100.227
B,bass,Spain,3843.8,-100.818
B,bass,Spain,3937.5,-100.927
B,bass,Spain,4031.2,-101.914
B,bass,Spain,4125.0,-101.27
B,bass,Spain,4218.8,-101.756
B,bass,Spain,4312.5,-102.707
B,bass,Spain,4406.2,-103.226
B,bass,Spain,4500.0,-103.551
B,bass,Spain,4593.8,-103.452
B,bass,Spain,4687.5,-103.686
B,bass,Spain,4781.2,-104.712
B,bass,Spain,4875.0,-105.175
B,bass,Spain,4968.8,-104.808
B,bass,Spain,5062.5,-105.435
B,bass,Spain,5156.2,-104.874
B,bass,Spain,5250.0,-104.737
B,bass,Spain,5343.8,-105.232
B,bass,Spain,5437.5,-106.322
B,bass,Spain,5531.2,-106.906
B,bass,Spain,5625.0,-106.651
B,bass,Spain,5718.8,-106.392
B,bass,Spain,5812.5,-106.752
B,bass,Spain,5906.2,-107.357
B,bass,Spain,6000.0,-107.72
B,bass,Spain,6093.8,-108.537
B,bass,Spain,6187.5,-107.972
B,bass,Spain,6281.2,-107.871
B,bass,Spain,6375.0,-108.373
B,bass,Spain,6468.8,-108.834
B,bass,Spain,6562.5,-108.647
B,bass,Spain,6656.2,-108.489
B,bass,Spain,6750.0,-108.17
B,bass,Spain,6843.8,-108.631
B,bass,Spain,6937.5,-109.0
B,bass,Spain,7031.2,-108.988
B,bass,Spain,7125.0,-109.437
B,bass,Spain,7218.8,-109.393
B,bass,Spain,7312.5,-109.87
B,bass,Spain,7406.2,-109.649
B,bass,Spain,7500.0,-109.896
B,bass,Spain,7593.8,-110.153
B,bass,Spain,7687.5,-110.525
B,bass,Spain,7781.2,-109.864
B,bass,Spain,7875.0,-109.642
B,bass,Spain,7968.8,-109.24
B,bass,Spain,8062.5,-109.106
B,bass,Spain,8156.2,-110.0
B,bass,Spain,8250.0,-110.351
B,bass,Spain,8343.8,-109.41
B,bass,Spain,8437.5,-109.268
B,bass,Spain,8531.2,-110.893
B,bass,Spain,8625.0,-111.683
B,bass,Spain,8718.8,-111.993
B,bass,Spain,8812.5,-111.569
B,bass,Spain,8906.2,-111.51
B,bass,Spain,9000.0,-111.634
B,bass,Spain,9093.8,-111.751
B,bass,Spain,9187.5,-112.338
B,bass,Spain,9281.2,-112.697
B,bass,Spain,9375.0,-112.324
B,bass,Spain,9468.8,-112.008
B,bass,Spain,9562.5,-111.383
B,bass,Spain,9656.2,-108.536
B,bass,Spain,9750.0,-112.11
B,bass,Spain,9843.8,-112.095
B,bass,Spain,9937.5,-112.664
B,bass,Spain,10031.2,-112.633
B,bass,Spain,10125.0,-113.35
B,bass,Spain,10218.8,-113.934
B,bass,Spain,10312.5,-114.325
B,bass,Spain,10406.2,-113.932
B,bass,Spain,10500.0,-113.694
B,bass,Spain,10593.8,-113.979
B,bass,Spain,10687.5,-114.416
B,bass,Spain,10781.2,-113.913
B,bass,Spain,10875.0,-113.275
B,bass,Spain,10968.8,-114.141
B,bass,Spain,11062.5,-115.077
B,bass,Spain,11156.2,-114.871
B,bass,Spain,11250.0,-114.932
B,bass,Spain,11343.8,-116.039
B,bass,Spain,11437.5,-116.231
B,bass,Spain,11531.2,-116.318
B,bass,Spain,11625.0,-116.826
B,bass,Spain,11718.8,-116.171
B,bass,Spain,11812.5,-116.828
B,bass,Spain,11906.2,-117.076
B,bass,Spain,12000.0,-118.321
B,other,Spain,0.0,-73.764
B,other,Spain,93.8,-58.186
B,other,Spain,187.5,-53.673
B,other,Spain,281.2,-52.611
B,other,Spain,375.0,-54.461
B,other,Spain,468.8,-59.046
B,other,Spain,562.5,-59.737
B,other,Spain,656.2,-57.37
B,other,Spain,750.0,-60.316
B,other,Spain,843.8,-63.031
B,other,Spain,937.5,-61.924
B,other,Spain,1031.2,-62.52
B,other,Spain,1125.0,-64.188
B,other,Spain,1218.8,-66.025
B,other,Spain,1312.5,-60.662
B,other,Spain,1406.2,-64.043
B,other,Spain,1500.0,-65.384
B,other,Spain,1593.8,-65.179
B,other,Spain,1687.5,-67.426
B,other,Spain,1781.2,-63.452
B,other,Spain,1875.0,-64.046
B,other,Spain,1968.8,-62.435
B,other,Spain,2062.5,-66.322
B,other,Spain,2156.2,-68.912
B,other,Spain,2250.0,-67.877
B,other,Spain,2343.8,-63.408
B,other,Spain,2437.5,-69.351
B,other,Spain,2531.2,-70.952
B,other,Spain,2625.0,-66.359
B,other,Spain,2718.8,-70.974
B,other,Spain,2812.5,-69.002
B,other,Spain,2906.2,-70.969
B,other,Spain,3000.0,-68.719
B,other,Spain,3093.8,-69.971
B,other,Spain,3187.5,-71.34
B,other,Spain,3281.2,-71.488
B,other,Spain,3375.0,-72.991
B,other,Spain,3468.8,-72.847
B,other,Spain,3562.5,-71.261
B,other,Spain,3656.2,-74.124
B,other,Spain,3750.0,-72.394
B,other,Spain,3843.8,-75.196
B,other,Spain,3937.5,-72.477
B,other,Spain,4031.2,-76.829
B,other,Spain,4125.0,-76.104
B,other,Spain,4218.8,-75.457
B,other,Spain,4312.5,-76.082
B,other,Spain,4406.2,-76.467
B,other,Spain,4500.0,-77.204
B,other,Spain,4593.8,-78.789
B,other,Spain,4687.5,-78.472
B,other,Spain,4781.2,-78.516
B,other,Spain,4875.0,-79.971
B,other,Spain,4968.8,-78.18
B,other,Spain,5062.5,-82.044
B,other,Spain,5156.2,-82.314
B,other,Spain,5250.0,-80.334
B,other,Spain,5343.8,-81.255
B,other,Spain,5437.5,-83.959
B,other,Spain,5531.2,-82.822
B,other,Spain,5625.0,-81.88
B,other,Spain,5718.8,-85.517
B,other,Spain,5812.5,-85.853
B,other,Spain,5906.2,-83.367
B,other,Spain,6000.0,-84.735
B,other,Spain,6093.8,-88.031
B,other,Spain,6187.5,-87.107
B,other,Spain,6281.2,-86.036
B,other,Spain,6375.0,-88.304
B,other,Spain,6468.8,-89.363
B,other,Spain,6562.5,-89.702
B,other,Spain,6656.2,-88.946
B,other,Spain,6750.0,-90.164
B,other,Spain,6843.8,-90.963
B,other,Spain,6937.5,-90.891
B,other,Spain,7031.2,-89.211
B,other,Spain,7125.0,-90.095
B,other,Spain,7218.8,-91.1
B,other,Spain,7312.5,-91.469
B,other,Spain,7406.2,-91.01
B,other,Spain,7500.0,-90.028
B,other,Spain,7593.8,-92.197
B,other,Spain,7687.5,-92.437
B,other,Spain,7781.2,-92.4
B,other,Spain,7875.0,-90.587
B,other,Spain,7968.8,-90.348
B,other,Spain,8062.5,-93.054
B,other,Spain,8156.2,-94.4
B,other,Spain,8250.0,-92.592
B,other,Spain,8343.8,-93.243
B,other,Spain,8437.5,-92.603
B,other,Spain,8531.2,-94.03
B,other,Spain,8625.0,-94.11
B,other,Spain,8718.8,-94.754
B,other,Spain,8812.5,-93.67
B,other,Spain,8906.2,-93.799
B,other,Spain,9000.0,-94.986
B,other,Spain,9093.8,-95.548
B,other,Spain,9187.5,-96.379
B,other,Spain,9281.2,-95.755
B,other,Spain,9375.0,-95.674
B,other,Spain,9468.8,-95.72
B,other,Spain,9562.5,-97.32
B,other,Spain,9656.2,-96.956
B,other,Spain,9750.0,-97.625
B,other,Spain,9843.8,-97.608
B,other,Spain,9937.5,-98.006
B,other,Spain,10031.2,-97.469
B,other,Spain,10125.0,-99.654
B,other,Spain,10218.8,-100.797
B,other,Spain,10312.5,-100.781
B,other,Spain,10406.2,-100.231
B,other,Spain,10500.0,-100.587
B,other,Spain,10593.8,-101.135
B,other,Spain,10687.5,-102.89
B,other,Spain,10781.2,-103.706
B,other,Spain,10875.0,-104.307
B,other,Spain,10968.8,-105.667
B,other,Spain,11062.5,-106.009
B,other,Spain,11156.2,-107.526
B,other,Spain,11250.0,-107.408
B,other,Spain,11343.8,-109.571
B,other,Spain,11437.5,-110.836
B,other,Spain,11531.2,-111.427
B,other,Spain,11625.0,-112.535
B,other,Spain,11718.8,-113.081
B,other,Spain,11812.5,-113.293
B,other,Spain,11906.2,-114.541
B,other,Spain,12000.0,-116.854
B,mixture,Germany,0.0,-61.087
B,mixture,Germany,93.8,-41.654
B,mixture,Germany,187.5,-43.545
B,mixture,Germany,281.2,-46.365
B,mixture,Germany,375.0,-47.317
B,mixture,Germany,468.8,-49.822
B,mixture,Germany,562.5,-48.515
B,mixture,Germany,656.2,-47.239
B,mixture,Germany,750.0,-50.116
B,mixture,Germany,843.8,-52.63
B,mixture,Germany,937.5,-52.755
B,mixture,Germany,1031.2,-53.761
B,mixture,Germany,1125.0,-52.628
B,mixture,Germany,1218.8,-55.895
B,mixture,Germany,1312.5,-52.973
B,mixture,Germany,1406.2,-55.537
B,mixture,Germany,1500.0,-54.709
B,mixture,Germany,1593.8,-56.474
B,mixture,Germany,1687.5,-56.956
B,mixture,Germany,1781.2,-56.25
B,mixture,Germany,1875.0,-57.347
B,mixture,Germany,1968.8,-56.835
B,mixture,Germany,2062.5,-59.263
B,mixture,Germany,2156.2,-60.7
B,mixture,Germany,2250.0,-58.316
B,mixture,Germany,2343.8,-58.332
B,mixture,Germany,2437.5,-60.634
B,mixture,Germany,2531.2,-59.375
B,mixture,Germany,2625.0,-59.754
B,mixture,Germany,2718.8,-61.646
B,mixture,Germany,2812.5,-60.536
B,mixture,Germany,2906.2,-62.746
B,mixture,Germany,3000.0,-61.134
B,mixture,Germany,3093.8,-62.494
B,mixture,Germany,3187.5,-62.07
B,mixture,Germany,3281.2,-62.578
B,mixture,Germany,3375.0,-61.631
B,mixture,Germany,3468.8,-62.661
B,mixture,Germany,3562.5,-62.667
B,mixture,Germany,3656.2,-63.328
B,mixture,Germany,3750.0,-62.804
B,mixture,Germany,3843.8,-64.122
B,mixture,Germany,3937.5,-64.113
B,mixture,Germany,4031.2,-65.292
B,mixture,Germany,4125.0,-65.629
B,mixture,Germany,4218.8,-65.021
B,mixture,Germany,4312.5,-65.708
B,mixture,Germany,4406.2,-66.203
B,mixture,Germany,4500.0,-66.032
B,mixture,Germany,4593.8,-66.99
B,mixture,Germany,4687.5,-66.342
B,mixture,Germany,4781.2,-67.081
B,mixture,Germany,4875.0,-67.313
B,mixture,Germany,4968.8,-66.964
B,mixture,Germany,5062.5,-67.209
B,mixture,Germany,5156.2,-67.278
B,mixture,Germany,5250.0,-67.554
B,mixture,Germany,5343.8,-67.573
B,mixture,Germany,5437.5,-67.897
B,mixture,Germany,5531.2,-67.949
B,mixture,Germany,5625.0,-67.59
B,mixture,Germany,5718.8,-68.181
B,mixture,Germany,5812.5,-68.834
B,mixture,Germany,5906.2,-68.427
B,mixture,Germany,6000.0,-68.758
B,mixture,Germany,6093.8,-69.092
B,mixture,Germany,6187.5,-68.941
B,mixture,Germany,6281.2,-68.951
B,mixture,Germany,6375.0,-69.27
B,mixture,Germany,6468.8,-69.208
B,mixture,Germany,6562.5,-69.343
B,mixture,Germany,6656.2,-68.961
B,mixture,Germany,6750.0,-69.529
B,mixture,Germany,6843.8,-70.299
B,mixture,Germany,6937.5,-70.319
B,mixture,Germany,7031.2,-69.973
B,mixture,Germany,7125.0,-70.709
B,mixture,Germany,7218.8,-71.275
B,mixture,Germany,7312.5,-71.025
B,mixture,Germany,7406.2,-71.633
B,mixture,Germany,7500.0,-71.394
B,mixture,Germany,7593.8,-71.943
B,mixture,Germany,7687.5,-72.246
B,mixture,Germany,7781.2,-72.604
B,mixture,Germany,7875.0,-72.443
B,mixture,Germany,7968.8,-72.273
B,mixture,Germany,8062.5,-73.591
B,mixture,Germany,8156.2,-73.492
B,mixture,Germany,8250.0,-73.323
B,mixture,Germany,8343.8,-73.447
B,mixture,Germany,8437.5,-73.227
B,mixture,Germany,8531.2,-73.426
B,mixture,Germany,8625.0,-73.717
B,mixture,Germany,8718.8,-73.575
B,mixture,Germany,8812.5,-73.622
B,mixture,Germany,8906.2,-73.672
B,mixture,Germany,9000.0,-73.694
B,mixture,Germany,9093.8,-74.086
B,mixture,Germany,9187.5,-74.305
B,mixture,Germany,9281.2,-74.795
B,mixture,Germany,9375.0,-74.527
B,mixture,Germany,9468.8,-75.093
B,mixture,Germany,9562.5,-75.323
B,mixture,Germany,9656.2,-75.437
B,mixture,Germany,9750.0,-75.425
B,mixture,Germany,9843.8,-75.552
B,mixture,Germany,9937.5,-75.554
B,mixture,Germany,10031.2,-75.777
B,mixture,Germany,10125.0,-76.187
B,mixture,Germany,10218.8,-76.199
B,mixture,Germany,10312.5,-76.767
B,mixture,Germany,10406.2,-76.855
B,mixture,Germany,10500.0,-77.039
B,mixture,Germany,10593.8,-77.167
B,mixture,Germany,10687.5,-78.427
B,mixture,Germany,10781.2,-78.689
B,mixture,Germany,10875.0,-79.571
B,mixture,Germany,10968.8,-80.296
B,mixture,Germany,11062.5,-81.233
B,mixture,Germany,11156.2,-82.342
B,mixture,Germany,11250.0,-83.176
B,mixture,Germany,11343.8,-84.501
B,mixture,Germany,11437.5,-86.012
B,mixture,Germany,11531.2,-87.516
B,mixture,Germany,11625.0,-89.193
B,mixture,Germany,11718.8,-90.782
B,mixture,Germany,11812.5,-92.123
B,mixture,Germany,11906.2,-93.649
B,mixture,Germany,12000.0,-98.099
B,vocals,Germany,0.0,-80.432
B,vocals,Germany,93.8,-78.934
B,vocals,Germany,187.5,-66.644
B,vocals,Germany,281.2,-61.3
B,vocals,Germany,375.0,-61.336
B,vocals,Germany,468.8,-63.157
B,vocals,Germany,562.5,-62.303
B,vocals,Germany,656.2,-62.25
B,vocals,Germany,750.0,-62.666
B,vocals,Germany,843.8,-65.511
B,vocals,Germany,937.5,-65.963
B,vocals,Germany,1031.2,-65.111
B,vocals,Germany,1125.0,-66.453
B,vocals,Germany,1218.8,-67.338
B,vocals,Germany,1312.5,-67.106
B,vocals,Germany,1406.2,-68.846
B,vocals,Germany,1500.0,-67.814
B,vocals,Germany,1593.8,-69.33
B,vocals,Germany,1687.5,-69.438
B,vocals,Germany,1781.2,-68.851
B,vocals,Germany,1875.0,-71.094
B,vocals,Germany,1968.8,-71.43
B,vocals,Germany,2062.5,-71.215
B,vocals,Germany,2156.2,-72.714
B,vocals,Germany,2250.0,-73.064
B,vocals,Germany,2343.8,-72.439
B,vocals,Germany,2437.5,-73.313
B,vocals,Germany,2531.2,-72.943
B,vocals,Germany,2625.0,-73.143
B,vocals,Germany,2718.8,-73.704
B,vocals,Germany,2812.5,-74.138
B,vocals,Germany,2906.2,-74.993
B,vocals,Germany,3000.0,-74.317
B,vocals,Germany,3093.8,-74.636
B,vocals,Germany,3187.5,-74.613
B,vocals,Germany,3281.2,-74.588
B,vocals,Germany,3375.0,-74.563
B,vocals,Germany,3468.8,-75.001
B,vocals,Germany,3562.5,-75.845
B,vocals,Germany,3656.2,-75.916
B,vocals,Germany,3750.0,-76.237
B,vocals,Germany,3843.8,-76.698
B,vocals,Germany,3937.5,-77.681
B,vocals,Germany,4031.2,-78.252
B,vocals,Germany,4125.0,-79.189
B,vocals,Germany,4218.8,-79.243
B,vocals,Germany,4312.5,-80.424
B,vocals,Germany,4406.2,-80.542
B,vocals,Germany,4500.0,-81.123
B,vocals,Germany,4593.8,-80.636
B,vocals,Germany,4687.5,-80.579
B,vocals,Germany,4781.2,-80.78
B,vocals,Germany,4875.0,-81.066
B,vocals,Germany,4968.8,-80.885
B,vocals,Germany,5062.5,-80.747
B,vocals,Germany,5156.2,-81.418
B,vocals,Germany,5250.0,-80.838
B,vocals,Germany,5343.8,-80.695
B,vocals,Germany,5437.5,-80.381
B,vocals,Germany,5531.2,-81.281
B,vocals,Germany,5625.0,-81.2
B,vocals,Germany,5718.8,-81.647
B,vocals,Germany,5812.5,-81.894
B,vocals,Germany,5906.2,-81.077
B,vocals,Germany,6000.0,-81.881
B,vocals,Germany,6093.8,-81.868
B,vocals,Germany,6187.5,-81.776
B,vocals,Germany,6281.2,-81.767
B,vocals,Germany,6375.0,-81.901
B,vocals,Germany,6468.8,-81.895
B,vocals,Germany,6562.5,-81.836
B,vocals,Germany,6656.2,-81.999
B,vocals,Germany,6750.0,-82.51
B,vocals,Germany,6843.8,-82.853
B,vocals,Germany,6937.5,-82.78
B,vocals,Germany,7031.2,-82.747
B,vocals,Germany,7125.0,-83.379
B,vocals,Germany,7218.8,-83.643
B,vocals,Germany,7312.5,-83.179
B,vocals,Germany,7406.2,-83.327
B,vocals,Germany,7500.0,-83.665
B,vocals,Germany,7593.8,-83.526
B,vocals,Germany,7687.5,-84.252
B,vocals,Germany,7781.2,-84.108
B,vocals,Germany,7875.0,-83.735
B,vocals,Germany,7968.8,-84.039
B,vocals,Germany,8062.5,-84.371
B,vocals,Germany,8156.2,-84.624
B,vocals,Germany,8250.0,-84.588
B,vocals,Germany,8343.8,-84.817
B,vocals,Germany,8437.5,-85.244
B,vocals,Germany,8531.2,-85.075
B,vocals,Germany,8625.0,-85.339
B,vocals,Germany,8718.8,-85.651
B,vocals,Germany,8812.5,-85.845
B,vocals,Germany,8906.2,-86.076
B,vocals,Germany,9000.0,-86.046
B,vocals,Germany,9093.8,-86.555
B,vocals,Germany,9187.5,-86.863
B,vocals,Germany,9281.2,-87.159
B,vocals,Germany,9375.0,-86.939
B,vocals,Germany,9468.8,-87.21
B,vocals,Germany,9562.5,-87.533
B,vocals,Germany,9656.2,-87.99
B,vocals,Germany,9750.0,-87.884
B,vocals,Germany,9843.8,-88.331
B,vocals,Germany,9937.5,-88.796
B,vocals,Germany,10031.2,-89.394
B,vocals,Germany,10125.0,-89.993
B,vocals,Germany,10218.8,-90.339
B,vocals,Germany,10312.5,-91.109
B,vocals,Germany,10406.2,-91.489
B,vocals,Germany,10500.0,-92.469
B,vocals,Germany,10593.8,-93.011
B,vocals,Germany,10687.5,-93.281
B,vocals,Germany,10781.2,-94.061
B,vocals,Germany,10875.0,-95.0
B,vocals,Germany,10968.8,-95.772
B,vocals,Germany,11062.5,-96.898
B,vocals,Germany,11156.2,-97.767
B,vocals,Germany,11250.0,-98.673
B,vocals,Germany,11343.8,-100.062
B,vocals,Germany,11437.5,-101.398
B,vocals,Germany,11531.2,-102.655
B,vocals,Germany,11625.0,-104.173
B,vocals,Germany,11718.8,-105.491
B,vocals,Germany,11812.5,-106.63
B,vocals,Germany,11906.2,-107.85
B,vocals,Germany,12000.0,-111.095
B,drums,Germany,0.0,-71.114
B,drums,Germany,93.8,-54.146
B,drums,Germany,187.5,-57.226
B,drums,Germany,281.2,-65.966
B,drums,Germany,375.0,-68.299
B,drums,Germany,468.8,-70.257
B,drums,Germany,562.5,-72.408
B,drums,Germany,656.2,-75.199
B,drums,Germany,750.0,-75.249
B,drums,Germany,843.8,-76.099
B,drums,Germany,937.5,-77.051
B,drums,Germany,1031.2,-77.106
B,drums,Germany,1125.0,-77.227
B,drums,Germany,1218.8,-77.022
B,drums,Germany,1312.5,-78.394
B,drums,Germany,1406.2,-77.783
B,drums,Germany,1500.0,-77.943
B,drums,Germany,1593.8,-77.727
B,drums,Germany,1687.5,-78.0
B,drums,Germany,1781.2,-77.34
B,drums,Germany,1875.0,-77.456
B,drums,Germany,1968.8,-78.322
B,drums,Germany,2062.5,-77.811
B,drums,Germany,2156.2,-77.928
B,drums,Germany,2250.0,-78.246
B,drums,Germany,2343.8,-78.455
B,drums,Germany,2437.5,-77.2
B,drums,Germany,2531.2,-76.579
B,drums,Germany,2625.0,-77.138
B,drums,Germany,2718.8,-76.71
B,drums,Germany,2812.5,-77.039
B,drums,Germany,2906.2,-77.465
B,drums,Germany,3000.0,-77.14
B,drums,Germany,3093.8,-76.96
B,drums,Germany,3187.5,-76.248
B,drums,Germany,3281.2,-76.204
B,drums,Germany,3375.0,-75.535
B,drums,Germany,3468.8,-75.441
B,drums,Germany,3562.5,-75.183
B,drums,Germany,3656.2,-75.042
B,drums,Germany,3750.0,-74.99
B,drums,Germany,3843.8,-74.586
B,drums,Germany,3937.5,-75.353
B,drums,Germany,4031.2,-75.09
B,drums,Germany,4125.0,-74.994
B,drums,Germany,4218.8,-74.672
B,drums,Germany,4312.5,-74.413
B,drums,Germany,4406.2,-75.214
B,drums,Germany,4500.0,-74.808
B,drums,Germany,4593.8,-75.407
B,drums,Germany,4687.5,-75.959
B,drums,Germany,4781.2,-75.625
B,drums,Germany,4875.0,-75.646
B,drums,Germany,4968.8,-75.593
B,drums,Germany,5062.5,-75.488
B,drums,Germany,5156.2,-75.484
B,drums,Germany,5250.0,-75.729
B,drums,Germany,5343.8,-75.953
B,drums,Germany,5437.5,-75.825
B,drums,Germany,5531.2,-75.817
B,drums,Germany,5625.0,-75.74
B,drums,Germany,5718.8,-76.248
B,drums,Germany,5812.5,-76.138
B,drums,Germany,5906.2,-76.201
B,drums,Germany,6000.0,-76.152
B,drums,Germany,6093.8,-76.573
B,drums,Germany,6187.5,-76.424
B,drums,Germany,6281.2,-76.339
B,drums,Germany,6375.0,-76.401
B,drums,Germany,6468.8,-76.458
B,drums,Germany,6562.5,-76.384
B,drums,Germany,6656.2,-76.39
B,drums,Germany,6750.0,-76.782
B,drums,Germany,6843.8,-77.22
B,drums,Germany,6937.5,-77.201
B,drums,Germany,7031.2,-77.346
B,drums,Germany,7125.0,-77.638
B,drums,Germany,7218.8,-77.843
B,drums,Germany,7312.5,-77.679
B,drums,Germany,7406.2,-78.228
B,drums,Germany,7500.0,-78.093
B,drums,Germany,7593.8,-78.441
B,drums,Germany,7687.5,-78.703
B,drums,Germany,7781.2,-79.197
B,drums,Germany,7875.0,-79.271
B,drums,Germany,7968.8,-78.967
B,drums,Germany,8062.5,-79.826
B,drums,Germany,8156.2,-79.829
B,drums,Germany,8250.0,-79.874
B,drums,Germany,8343.8,-79.805
B,drums,Germany,8437.5,-79.856
B,drums,Germany,8531.2,-79.771
B,drums,Germany,8625.0,-80.169
B,drums,Germany,8718.8,-79.812
B,drums,Germany,8812.5,-80.188
B,drums,Germany,8906.2,-80.254
B,drums,Germany,9000.0,-80.252
B,drums,Germany,9093.8,-80.613
B,drums,Germany,9187.5,-80.647
B,drums,Germany,9281.2,-81.621
B,drums,Germany,9375.0,-81.67
B,drums,Germany,9468.8,-82.397
B,drums,Germany,9562.5,-82.411
B,drums,Germany,9656.2,-82.263
B,drums,Germany,9750.0,-82.948
B,drums,Germany,9843.8,-83.36
B,drums,Germany,9937.5,-83.561
B,drums,Germany,10031.2,-83.903
B,drums,Germany,10125.0,-84.105
B,drums,Germany,10218.8,-84.428
B,drums,Germany,10312.5,-84.99
B,drums,Germany,10406.2,-85.514
B,drums,Germany,10500.0,-85.818
B,drums,Germany,10593.8,-86.124
B,drums,Germany,10687.5,-87.927
B,drums,Germany,10781.2,-88.209
B,drums,Germany,10875.0,-89.365
B,drums,Germany,10968.8,-90.577
B,drums,Germany,11062.5,-91.578
B,drums,Germany,11156.2,-93.206
B,drums,Germany,11250.0,-94.307
B,drums,Germany,11343.8,-96.022
B,drums,Germany,11437.5,-97.309
B,drums,Germany,11531.2,-99.19
B,drums,Germany,11625.0,-100.708
B,drums,Germany,11718.8,-102.017
B,drums,Germany,11812.5,-103.24
B,drums,Germany,11906.2,-104.634
B,drums,Germany,12000.0,-108.217
B,bass,Germany,0.0,-68.275
B,bass,Germany,93.8,-48.604
B,bass,Germany,187.5,-54.409
B,bass,Germany,281.2,-61.77
B,bass,Germany,375.0,-67.611
B,bass,Germany,468.8,-73.306
B,bass,Germany,562.5,-75.659
B,bass,Germany,656.2,-77.507
B,bass,Germany,750.0,-80.183
B,bass,Germany,843.8,-82.216
B,bass,Germany,937.5,-83.869
B,bass,Germany,1031.2,-84.673
B,bass,Germany,1125.0,-84.987
B,bass,Germany,1218.8,-87.007
B,bass,Germany,1312.5,-86.647
B,bass,Germany,1406.2,-87.805
B,bass,Germany,1500.0,-88.267
B,bass,Germany,1593.8,-88.625
B,bass,Germany,1687.5,-89.466
B,bass,Germany,1781.2,-90.035
B,bass,Germany,1875.0,-90.439
B,bass,Germany,1968.8,-91.045
B,bass,Germany,2062.5,-91.589
B,bass,Germany,2156.2,-92.471
B,bass,Germany,2250.0,-92.966
B,bass,Germany,2343.8,-93.44
B,bass,Germany,2437.5,-93.967
B,bass,Germany,2531.2,-93.495
B,bass,Germany,2625.0,-94.628
B,bass,Germany,2718.8,-95.732
B,bass,Germany,2812.5,-95.455
B,bass,Germany,2906.2,-96.116
B,bass,Germany,3000.0,-96.008
B,bass,Germany,3093.8,-96.616
B,bass,Germany,3187.5,-96.45
B,bass,Germany,3281.2,-97.764
B,bass,Germany,3375.0,-97.586
B,bass,Germany,3468.8,-97.24
B,bass,Germany,3562.5,-97.39
B,bass,Germany,3656.2,-97.943
B,bass,Germany,3750.0,-98.523
B,bass,Germany,3843.8,-99.566
B,bass,Germany,3937.5,-99.229
B,bass,Germany,4031.2,-100.601
B,bass,Germany,4125.0,-100.167
B,bass,Germany,4218.8,-99.847
B,bass,Germany,4312.5,-101.024
B,bass,Germany,4406.2,-101.943
B,bass,Germany,4500.0,-102.2
B,bass,Germany,4593.8,-102.883
B,bass,Germany,4687.5,-102.681
B,bass,Germany,4781.2,-103.372
B,bass,Germany,4875.0,-104.262
B,bass,Germany,4968.8,-103.621
B,bass,Germany,5062.5,-104.374
B,bass,Germany,5156.2,-104.286
B,bass,Germany,5250.0,-103.261
B,bass,Germany,5343.8,-104.726
B,bass,Germany,5437.5,-105.085
B,bass,Germany,5531.2,-105.619
B,bass,Germany,5625.0,-105.381
B,bass,Germany,5718.8,-105.606
B,bass,Germany,5812.5,-105.786
B,bass,Germany,5906.2,-106.201
B,bass,Germany,6000.0,-106.653
B,bass,Germany,6093.8,-107.498
B,bass,Germany,6187.5,-106.95
B,bass,Germany,6281.2,-106.298
B,bass,Germany,6375.0,-107.402
B,bass,Germany,6468.8,-107.882
B,bass,Germany,6562.5,-107.731
B,bass,Germany,6656.2,-107.496
B,bass,Germany,6750.0,-107.282
B,bass,Germany,6843.8,-107.541
B,bass,Germany,6937.5,-107.898
B,bass,Germany,7031.2,-108.282
B,bass,Germany,7125.0,-108.895
B,bass,Germany,7218.8,-108.899
B,bass,Germany,7312.5,-108.93
B,bass,Germany,7406.2,-108.88
B,bass,Germany,7500.0,-108.949
B,bass,Germany,7593.8,-109.449
B,bass,Germany,7687.5,-109.577
B,bass,Germany,7781.2,-109.189
B,bass,Germany,7875.0,-108.773
B,bass,Germany,7968.8,-108.496
B,bass,Germany,8062.5,-108.941
B,bass,Germany,8156.2,-109.455
B,bass,Germany,8250.0,-110.05
B,bass,Germany,8343.8,-108.768
B,bass,Germany,8437.5,-108.874
B,bass,Germany,8531.2,-110.099
B,bass,Germany,8625.0,-110.822
B,bass,Germany,8718.8,-111.096
B,bass,Germany,8812.5,-110.755
B,bass,Germany,8906.2,-110.432
B,bass,Germany,9000.0,-110.69
B,bass,Germany,9093.8,-111.136
B,bass,Germany,9187.5,-111.573
B,bass,Germany,9281.2,-111.96
B,bass,Germany,9375.0,-111.152
B,bass,Germany,9468.8,-111.077
B,bass,Germany,9562.5,-110.598
B,bass,Germany,9656.2,-108.507
B,bass,Germany,9750.0,-111.886
B,bass,Germany,9843.8,-111.841
B,bass,Germany,9937.5,-112.0
B,bass,Germany,10031.2,-111.834
B,bass,Germany,10125.0,-112.779
B,bass,Germany,10218.8,-113.261
B,bass,Germany,10312.5,-113.88
B,bass,Germany,10406.2,-113.149
B,bass,Germany,10500.0,-113.041
B,bass,Germany,10593.8,-113.196
B,bass,Germany,10687.5,-113.96
B,bass,Germany,10781.2,-113.886
B,bass,Germany,10875.0,-113.473
B,bass,Germany,10968.8,-113.925
B,bass,Germany,11062.5,-114.863
B,bass,Germany,11156.2,-114.911
B,bass,Germany,11250.0,-114.926
B,bass,Germany,11343.8,-116.112
B,bass,Germany,11437.5,-116.373
B,bass,Germany,11531.2,-116.2
B,bass,Germany,11625.0,-116.819
B,bass,Germany,11718.8,-116.453
B,bass,Germany,11812.5,-116.982
B,bass,Germany,11906.2,-117.058
B,bass,Germany,12000.0,-118.433
B,other,Germany,0.0,-74.841
B,other,Germany,93.8,-59.591
B,other,Germany,187.5,-55.567
B,other,Germany,281.2,-55.057
B,other,Germany,375.0,-54.733
B,other,Germany,468.8,-58.217
B,other,Germany,562.5,-56.574
B,other,Germany,656.2,-54.045
B,other,Germany,750.0,-57.19
B,other,Germany,843.8,-60.678
B,other,Germany,937.5,-60.553
B,other,Germany,1031.2,-61.138
B,other,Germany,1125.0,-59.235
B,other,Germany,1218.8,-64.413
B,other,Germany,1312.5,-58.968
B,other,Germany,1406.2,-62.674
B,other,Germany,1500.0,-61.796
B,other,Germany,1593.8,-64.012
B,other,Germany,1687.5,-64.465
B,other,Germany,1781.2,-62.766
B,other,Germany,1875.0,-62.977
B,other,Germany,1968.8,-62.98
B,other,Germany,2062.5,-66.896
B,other,Germany,2156.2,-68.549
B,other,Germany,2250.0,-64.912
B,other,Germany,2343.8,-64.394
B,other,Germany,2437.5,-68.114
B,other,Germany,2531.2,-67.276
B,other,Germany,2625.0,-65.95
B,other,Germany,2718.8,-70.722
B,other,Germany,2812.5,-67.269
B,other,Germany,2906.2,-70.979
B,other,Germany,3000.0,-69.368
B,other,Germany,3093.8,-71.643
B,other,Germany,3187.5,-72.229
B,other,Germany,3281.2,-72.83
B,other,Germany,3375.0,-72.191
B,other,Germany,3468.8,-73.965
B,other,Germany,3562.5,-73.009
B,other,Germany,3656.2,-74.455
B,other,Germany,3750.0,-72.253
B,other,Germany,3843.8,-76.066
B,other,Germany,3937.5,-73.683
B,other,Germany,4031.2,-77.444
B,other,Germany,4125.0,-77.591
B,other,Germany,4218.8,-75.818
B,other,Germany,4312.5,-76.881
B,other,Germany,4406.2,-78.62
B,other,Germany,4500.0,-77.815
B,other,Germany,4593.8,-80.146
B,other,Germany,4687.5,-78.03
B,other,Germany,4781.2,-81.145
B,other,Germany,4875.0,-81.259
B,other,Germany,4968.8,-80.065
B,other,Germany,5062.5,-82.479
B,other,Germany,5156.2,-83.421
B,other,Germany,5250.0,-82.077
B,other,Germany,5343.8,-83.234
B,other,Germany,5437.5,-85.147
B,other,Germany,5531.2,-85.096
B,other,Germany,5625.0,-83.508
B,other,Germany,5718.8,-86.35
B,other,Germany,5812.5,-87.963
B,other,Germany,5906.2,-85.792
B,other,Germany,6000.0,-87.987
B,other,Germany,6093.8,-89.075
B,other,Germany,6187.5,-88.932
B,other,Germany,6281.2,-87.957
B,other,Germany,6375.0,-90.677
B,other,Germany,6468.8,-90.4
B,other,Germany,6562.5,-91.247
B,other,Germany,6656.2,-90.98
B,other,Germany,6750.0,-92.238
B,other,Germany,6843.8,-92.058
B,other,Germany,6937.5,-92.435
B,other,Germany,7031.2,-90.668
B,other,Germany,7125.0,-91.839
B,other,Germany,7218.8,-94.422
B,other,Germany,7312.5,-93.237
B,other,Germany,7406.2,-94.369
B,other,Germany,7500.0,-92.632
B,other,Germany,7593.8,-95.107
B,other,Germany,7687.5,-95.48
B,other,Germany,7781.2,-94.73
B,other,Germany,7875.0,-93.575
B,other,Germany,7968.8,-94.232
B,other,Germany,8062.5,-96.526
B,other,Germany,8156.2,-95.943
B,other,Germany,8250.0,-96.873
B,other,Germany,8343.8,-96.511
B,other,Germany,8437.5,-96.009
B,other,Germany,8531.2,-97.794
B,other,Germany,8625.0,-97.571
B,other,Germany,8718.8,-97.033
B,other,Germany,8812.5,-96.981
B,other,Germany,8906.2,-96.36
B,other,Germany,9000.0,-97.621
B,other,Germany,9093.8,-98.136
B,other,Germany,9187.5,-99.133
B,other,Germany,9281.2,-99.14
B,other,Germany,9375.0,-97.674
B,other,Germany,9468.8,-98.347
B,other,Germany,9562.5,-100.371
B,other,Germany,9656.2,-100.087
B,other,Germany,9750.0,-101.013
B,other,Germany,9843.8,-100.787
B,other,Germany,9937.5,-100.336
B,other,Germany,10031.2,-100.521
B,other,Germany,10125.0,-102.773
B,other,Germany,10218.8,-102.642
B,other,Germany,10312.5,-103.097
B,other,Germany,10406.2,-103.252
B,other,Germany,10500.0,-102.469
B,other,Germany,10593.8,-102.745
B,other,Germany,10687.5,-105.078
B,other,Germany,10781.2,-105.687
B,other,Germany,10875.0,-105.342
B,other,Germany,10968.8,-106.474
B,other,Germany,11062.5,-107.53
B,other,Germany,11156.2,-108.505
B,other,Germany,11250.0,-108.578
B,other,Germany,11343.8,-110.431
B,other,Germany,11437.5,-111.48
B,other,Germany,11531.2,-112.312
B,other,Germany,11625.0,-113.628
B,other,Germany,11718.8,-114.126
B,other,Germany,11812.5,-114.375
B,other,Germany,11906.2,-115.326
B,other,Germany,12000.0,-117.386
B,mixture,Italy,0.0,-62.039
B,mixture,Italy,93.8,-41.726
B,mixture,Italy,187.5,-44.433
B,mixture,Italy,281.2,-47.805
B,mixture,Italy,375.0,-48.652
B,mixture,Italy,468.8,-49.307
B,mixture,Italy,562.5,-51.375
B,mixture,Italy,656.2,-50.244
B,mixture,Italy,750.0,-52.629
B,mixture,Italy,843.8,-53.901
B,mixture,Italy,937.5,-52.959
B,mixture,Italy,1031.2,-53.222
B,mixture,Italy,1125.0,-56.162
B,mixture,Italy,1218.8,-56.434
B,mixture,Italy,1312.5,-55.222
B,mixture,Italy,1406.2,-54.929
B,mixture,Italy,1500.0,-56.941
B,mixture,Italy,1593.8,-56.808
B,mixture,Italy,1687.5,-58.205
B,mixture,Italy,1781.2,-57.238
B,mixture,Italy,1875.0,-57.958
B,mixture,Italy,1968.8,-57.167
B,mixture,Italy,2062.5,-59.323
B,mixture,Italy,2156.2,-61.869
B,mixture,Italy,2250.0,-61.554
B,mixture,Italy,2343.8,-59.031
B,mixture,Italy,2437.5,-61.951
B,mixture,Italy,2531.2,-61.853
B,mixture,Italy,2625.0,-59.653
B,mixture,Italy,2718.8,-62.539
B,mixture,Italy,2812.5,-60.984
B,mixture,Italy,2906.2,-62.82
B,mixture,Italy,3000.0,-63.793
B,mixture,Italy,3093.8,-63.818
B,mixture,Italy,3187.5,-63.241
B,mixture,Italy,3281.2,-65.275
B,mixture,Italy,3375.0,-65.699
B,mixture,Italy,3468.8,-65.614
B,mixture,Italy,3562.5,-64.771
B,mixture,Italy,3656.2,-65.297
B,mixture,Italy,3750.0,-65.111
B,mixture,Italy,3843.8,-66.356
B,mixture,Italy,3937.5,-65.619
B,mixture,Italy,4031.2,-67.064
B,mixture,Italy,4125.0,-67.077
B,mixture,Italy,4218.8,-66.784
B,mixture,Italy,4312.5,-67.594
B,mixture,Italy,4406.2,-67.943
B,mixture,Italy,4500.0,-69.101
B,mixture,Italy,4593.8,-69.649
B,mixture,Italy,4687.5,-68.522
B,mixture,Italy,4781.2,-69.595
B,mixture,Italy,4875.0,-69.86
B,mixture,Italy,4968.8,-69.813
B,mixture,Italy,5062.5,-70.686
B,mixture,Italy,5156.2,-70.124
B,mixture,Italy,5250.0,-69.626
B,mixture,Italy,5343.8,-69.911
B,mixture,Italy,5437.5,-70.101
B,mixture,Italy,5531.2,-70.76
B,mixture,Italy,5625.0,-70.485
B,mixture,Italy,5718.8,-71.162
B,mixture,Italy,5812.5,-70.591
B,mixture,Italy,5906.2,-70.793
B,mixture,Italy,6000.0,-70.999
B,mixture,Italy,6093.8,-71.449
B,mixture,Italy,6187.5,-71.717
B,mixture,Italy,6281.2,-71.506
B,mixture,Italy,6375.0,-72.085
B,mixture,Italy,6468.8,-72.228
B,mixture,Italy,6562.5,-72.752
B,mixture,Italy,6656.2,-72.531
B,mixture,Italy,6750.0,-73.169
B,mixture,Italy,6843.8,-72.96
B,mixture,Italy,6937.5,-73.281
B,mixture,Italy,7031.2,-73.556
B,mixture,Italy,7125.0,-73.401
B,mixture,Italy,7218.8,-74.021
B,mixture,Italy,7312.5,-73.723
B,mixture,Italy,7406.2,-73.831
B,mixture,Italy,7500.0,-74.097
B,mixture,Italy,7593.8,-74.501
B,mixture,Italy,7687.5,-74.769
B,mixture,Italy,7781.2,-74.873
B,mixture,Italy,7875.0,-75.038
B,mixture,Italy,7968.8,-75.351
B,mixture,Italy,8062.5,-75.202
B,mixture,Italy,8156.2,-75.708
B,mixture,Italy,8250.0,-75.524
B,mixture,Italy,8343.8,-75.593
B,mixture,Italy,8437.5,-75.804
B,mixture,Italy,8531.2,-76.195
B,mixture,Italy,8625.0,-76.366
B,mixture,Italy,8718.8,-76.336
B,mixture,Italy,8812.5,-76.249
B,mixture,Italy,8906.2,-76.174
B,mixture,Italy,9000.0,-76.66
B,mixture,Italy,9093.8,-76.602
B,mixture,Italy,9187.5,-76.801
B,mixture,Italy,9281.2,-77.364
B,mixture,Italy,9375.0,-77.137
B,mixture,Italy,9468.8,-77.634
B,mixture,Italy,9562.5,-77.63
B,mixture,Italy,9656.2,-77.665
B,mixture,Italy,9750.0,-77.715
B,mixture,Italy,9843.8,-78.287
B,mixture,Italy,9937.5,-78.408
B,mixture,Italy,10031.2,-78.708
B,mixture,Italy,10125.0,-78.237
B,mixture,Italy,10218.8,-78.831
B,mixture,Italy,10312.5,-79.044
B,mixture,Italy,10406.2,-78.777
B,mixture,Italy,10500.0,-78.924
B,mixture,Italy,10593.8,-79.994
B,mixture,Italy,10687.5,-80.624
B,mixture,Italy,10781.2,-81.429
B,mixture,Italy,10875.0,-81.621
B,mixture,Italy,10968.8,-83.084
B,mixture,Italy,11062.5,-83.593
B,mixture,Italy,11156.2,-84.396
B,mixture,Italy,11250.0,-85.56
B,mixture,Italy,11343.8,-87.107
B,mixture,Italy,11437.5,-88.734
B,mixture,Italy,11531.2,-89.77
B,mixture,Italy,11625.0,-91.709
B,mixture,Italy,11718.8,-93.03
B,mixture,Italy,11812.5,-94.752
B,mixture,Italy,11906.2,-96.371
B,mixture,Italy,12000.0,-100.978
B,vocals,Italy,0.0,-80.197
B,vocals,Italy,93.8,-80.145
B,vocals,Italy,187.5,-65.352
B,vocals,Italy,281.2,-59.259
B,vocals,Italy,375.0,-60.021
B,vocals,Italy,468.8,-58.962
B,vocals,Italy,562.5,-59.38
B,vocals,Italy,656.2,-59.571
B,vocals,Italy,750.0,-61.209
B,vocals,Italy,843.8,-62.13
B,vocals,Italy,937.5,-62.793
B,vocals,Italy,1031.2,-61.221
B,vocals,Italy,1125.0,-65.073
B,vocals,Italy,1218.8,-63.557
B,vocals,Italy,1312.5,-65.555
B,vocals,Italy,1406.2,-63.094
B,vocals,Italy,1500.0,-65.561
B,vocals,Italy,1593.8,-64.889
B,vocals,Italy,1687.5,-66.654
B,vocals,Italy,1781.2,-66.233
B,vocals,Italy,1875.0,-69.201
B,vocals,Italy,1968.8,-66.582
B,vocals,Italy,2062.5,-67.973
B,vocals,Italy,2156.2,-70.155
B,vocals,Italy,2250.0,-71.145
B,vocals,Italy,2343.8,-68.223
B,vocals,Italy,2437.5,-70.642
B,vocals,Italy,2531.2,-71.618
B,vocals,Italy,2625.0,-69.42
B,vocals,Italy,2718.8,-70.358
B,vocals,Italy,2812.5,-70.53
B,vocals,Italy,2906.2,-71.949
B,vocals,Italy,3000.0,-73.325
B,vocals,Italy,3093.8,-74.114
B,vocals,Italy,3187.5,-74.279
B,vocals,Italy,3281.2,-74.682
B,vocals,Italy,3375.0,-76.259
B,vocals,Italy,3468.8,-75.673
B,vocals,Italy,3562.5,-75.969
B,vocals,Italy,3656.2,-75.733
B,vocals,Italy,3750.0,-76.183
B,vocals,Italy,3843.8,-76.043
B,vocals,Italy,3937.5,-75.841
B,vocals,Italy,4031.2,-77.173
B,vocals,Italy,4125.0,-77.241
B,vocals,Italy,4218.8,-77.665
B,vocals,Italy,4312.5,-78.059
B,vocals,Italy,4406.2,-78.897
B,vocals,Italy,4500.0,-79.72
B,vocals,Italy,4593.8,-80.027
B,vocals,Italy,4687.5,-80.177
B,vocals,Italy,4781.2,-81.129
B,vocals,Italy,4875.0,-80.704
B,vocals,Italy,4968.8,-80.815
B,vocals,Italy,5062.5,-81.336
B,vocals,Italy,5156.2,-81.519
B,vocals,Italy,5250.0,-80.705
B,vocals,Italy,5343.8,-81.128
B,vocals,Italy,5437.5,-81.034
B,vocals,Italy,5531.2,-80.786
B,vocals,Italy,5625.0,-80.728
B,vocals,Italy,5718.8,-81.036
B,vocals,Italy,5812.5,-80.271
B,vocals,Italy,5906.2,-80.872
B,vocals,Italy,6000.0,-81.609
B,vocals,Italy,6093.8,-82.095
B,vocals,Italy,6187.5,-81.971
B,vocals,Italy,6281.2,-81.32
B,vocals,Italy,6375.0,-81.927
B,vocals,Italy,6468.8,-82.115
B,vocals,Italy,6562.5,-82.566
B,vocals,Italy,6656.2,-81.744
B,vocals,Italy,6750.0,-82.826
B,vocals,Italy,6843.8,-83.177
B,vocals,Italy,6937.5,-83.302
B,vocals,Italy,7031.2,-83.086
B,vocals,Italy,7125.0,-83.652
B,vocals,Italy,7218.8,-84.187
B,vocals,Italy,7312.5,-84.051
B,vocals,Italy,7406.2,-84.044
B,vocals,Italy,7500.0,-84.579
B,vocals,Italy,7593.8,-84.881
B,vocals,Italy,7687.5,-85.058
B,vocals,Italy,7781.2,-85.419
B,vocals,Italy,7875.0,-84.92
B,vocals,Italy,7968.8,-85.355
B,vocals,Italy,8062.5,-85.386
B,vocals,Italy,8156.2,-85.406
B,vocals,Italy,8250.0,-85.592
B,vocals,Italy,8343.8,-85.675
B,vocals,Italy,8437.5,-86.392
B,vocals,Italy,8531.2,-86.267
B,vocals,Italy,8625.0,-86.441
B,vocals,Italy,8718.8,-86.61
B,vocals,Italy,8812.5,-86.885
B,vocals,Italy,8906.2,-87.053
B,vocals,Italy,9000.0,-87.44
B,vocals,Italy,9093.8,-87.039
B,vocals,Italy,9187.5,-87.476
B,vocals,Italy,9281.2,-87.734
B,vocals,Italy,9375.0,-88.326
B,vocals,Italy,9468.8,-88.506
B,vocals,Italy,9562.5,-88.341
B,vocals,Italy,9656.2,-88.586
B,vocals,Italy,9750.0,-89.101
B,vocals,Italy,9843.8,-89.338
B,vocals,Italy,9937.5,-89.925
B,vocals,Italy,10031.2,-90.732
B,vocals,Italy,10125.0,-90.645
B,vocals,Italy,10218.8,-91.116
B,vocals,Italy,10312.5,-91.561
B,vocals,Italy,10406.2,-92.14
B,vocals,Italy,10500.0,-92.776
B,vocals,Italy,10593.8,-93.706
B,vocals,Italy,10687.5,-94.509
B,vocals,Italy,10781.2,-95.247
B,vocals,Italy,10875.0,-96.25
B,vocals,Italy,10968.8,-97.078
B,vocals,Italy,11062.5,-97.82
B,vocals,Italy,11156.2,-98.83
B,vocals,Italy,11250.0,-100.037
B,vocals,Italy,11343.8,-101.26
B,vocals,Italy,11437.5,-102.577
B,vocals,Italy,11531.2,-104.073
B,vocals,Italy,11625.0,-105.65
B,vocals,Italy,11718.8,-106.844
B,vocals,Italy,11812.5,-108.068
B,vocals,Italy,11906.2,-109.606
B,vocals,Italy,12000.0,-112.646
B,drums,Italy,0.0,-72.108
B,drums,Italy,93.8,-55.068
B,drums,Italy,187.5,-58.68
B,drums,Italy,281.2,-66.998
B,drums,Italy,375.0,-70.985
B,drums,Italy,468.8,-72.478
B,drums,Italy,562.5,-73.945
B,drums,Italy,656.2,-75.797
B,drums,Italy,750.0,-76.267
B,drums,Italy,843.8,-77.022
B,drums,Italy,937.5,-78.054
B,drums,Italy,1031.2,-78.431
B,drums,Italy,1125.0,-78.224
B,drums,Italy,1218.8,-78.686
B,drums,Italy,1312.5,-79.558
B,drums,Italy,1406.2,-79.346
B,drums,Italy,1500.0,-79.545
B,drums,Italy,1593.8,-79.345
B,drums,Italy,1687.5,-79.219
B,drums,Italy,1781.2,-79.168
B,drums,Italy,1875.0,-79.6
B,drums,Italy,1968.8,-79.889
B,drums,Italy,2062.5,-80.138
B,drums,Italy,2156.2,-79.651
B,drums,Italy,2250.0,-79.764
B,drums,Italy,2343.8,-80.521
B,drums,Italy,2437.5,-79.712
B,drums,Italy,2531.2,-79.251
B,drums,Italy,2625.0,-79.975
B,drums,Italy,2718.8,-79.422
B,drums,Italy,2812.5,-79.804
B,drums,Italy,2906.2,-79.734
B,drums,Italy,3000.0,-79.7
B,drums,Italy,3093.8,-78.925
B,drums,Italy,3187.5,-78.672
B,drums,Italy,3281.2,-79.258
B,drums,Italy,3375.0,-78.641
B,drums,Italy,3468.8,-79.228
B,drums,Italy,3562.5,-78.867
B,drums,Italy,3656.2,-78.291
B,drums,Italy,3750.0,-78.436
B,drums,Italy,3843.8,-78.651
B,drums,Italy,3937.5,-79.127
B,drums,Italy,4031.2,-78.857
B,drums,Italy,4125.0,-79.142
B,drums,Italy,4218.8,-78.698
B,drums,Italy,4312.5,-78.467
B,drums,Italy,4406.2,-78.324
B,drums,Italy,4500.0,-79.487
B,drums,Italy,4593.8,-79.693
B,drums,Italy,4687.5,-79.34
B,drums,Italy,4781.2,-79.509
B,drums,Italy,4875.0,-79.531
B,drums,Italy,4968.8,-79.942
B,drums,Italy,5062.5,-79.773
B,drums,Italy,5156.2,-79.722
B,drums,Italy,5250.0,-79.596
B,drums,Italy,5343.8,-79.317
B,drums,Italy,5437.5,-78.957
B,drums,Italy,5531.2,-80.246
B,drums,Italy,5625.0,-80.324
B,drums,Italy,5718.8,-80.113
B,drums,Italy,5812.5,-79.711
B,drums,Italy,5906.2,-80.143
B,drums,Italy,6000.0,-79.744
B,drums,Italy,6093.8,-80.092
B,drums,Italy,6187.5,-80.46
B,drums,Italy,6281.2,-80.643
B,drums,Italy,6375.0,-80.679
B,drums,Italy,6468.8,-80.71
B,drums,Italy,6562.5,-80.976
B,drums,Italy,6656.2,-80.994
B,drums,Italy,6750.0,-81.404
B,drums,Italy,6843.8,-81.049
B,drums,Italy,6937.5,-81.245
B,drums,Italy,7031.2,-81.795
B,drums,Italy,7125.0,-81.424
B,drums,Italy,7218.8,-81.841
B,drums,Italy,7312.5,-81.452
B,drums,Italy,7406.2,-81.883
B,drums,Italy,7500.0,-81.913
B,drums,Italy,7593.8,-82.065
B,drums,Italy,7687.5,-82.634
B,drums,Italy,7781.2,-81.705
B,drums,Italy,7875.0,-82.621
B,drums,Italy,7968.8,-82.62
B,drums,Italy,8062.5,-82.349
B,drums,Italy,8156.2,-82.897
B,drums,Italy,8250.0,-82.528
B,drums,Italy,8343.8,-82.566
B,drums,Italy,8437.5,-82.798
B,drums,Italy,8531.2,-82.892
B,drums,Italy,8625.0,-83.188
B,drums,Italy,8718.8,-83.233
B,drums,Italy,8812.5,-83.139
B,drums,Italy,8906.2,-83.315
B,drums,Italy,9000.0,-83.593
B,drums,Italy,9093.8,-83.609
B,drums,Italy,9187.5,-83.726
B,drums,Italy,9281.2,-84.394
B,drums,Italy,9375.0,-84.497
B,drums,Italy,9468.8,-85.095
B,drums,Italy,9562.5,-85.482
B,drums,Italy,9656.2,-85.209
B,drums,Italy,9750.0,-84.942
B,drums,Italy,9843.8,-86.329
B,drums,Italy,9937.5,-86.531
B,drums,Italy,10031.2,-86.956
B,drums,Italy,10125.0,-87.142
B,drums,Italy,10218.8,-87.45
B,drums,Italy,10312.5,-87.828
B,drums,Italy,10406.2,-87.615
B,drums,Italy,10500.0,-88.523
B,drums,Italy,10593.8,-89.689
B,drums,Italy,10687.5,-90.378
B,drums,Italy,10781.2,-91.626
B,drums,Italy,10875.0,-91.796
B,drums,Italy,10968.8,-93.534
B,drums,Italy,11062.5,-94.181
B,drums,Italy,11156.2,-95.466
B,drums,Italy,11250.0,-96.918
B,drums,Italy,11343.8,-98.847
B,drums,Italy,11437.5,-100.526
B,drums,Italy,11531.2,-101.567
B,drums,Italy,11625.0,-102.873
B,drums,Italy,11718.8,-103.996
B,drums,Italy,11812.5,-105.465
B,drums,Italy,11906.2,-106.966
B,drums,Italy,12000.0,-110.658
B,bass,Italy,0.0,-67.706
B,bass,Italy,93.8,-46.424
B,bass,Italy,187.5,-52.544
B,bass,Italy,281.2,-61.771
B,bass,Italy,375.0,-68.747
B,bass,Italy,468.8,-73.361
B,bass,Italy,562.5,-78.332
B,bass,Italy,656.2,-79.52
B,bass,Italy,750.0,-82.838
B,bass,Italy,843.8,-84.047
B,bass,Italy,937.5,-85.67
B,bass,Italy,1031.2,-87.304
B,bass,Italy,1125.0,-88.17
B,bass,Italy,1218.8,-89.807
B,bass,Italy,1312.5,-90.024
B,bass,Italy,1406.2,-90.764
B,bass,Italy,1500.0,-91.914
B,bass,Italy,1593.8,-92.299
B,bass,Italy,1687.5,-93.46
B,bass,Italy,1781.2,-93.805
B,bass,Italy,1875.0,-94.477
B,bass,Italy,1968.8,-94.442
B,bass,Italy,2062.5,-94.003
B,bass,Italy,2156.2,-95.476
B,bass,Italy,2250.0,-97.376
B,bass,Italy,2343.8,-96.73
B,bass,Italy,2437.5,-96.968
B,bass,Italy,2531.2,-97.029
B,bass,Italy,2625.0,-97.063
B,bass,Italy,2718.8,-98.845
B,bass,Italy,2812.5,-99.444
B,bass,Italy,2906.2,-99.23
B,bass,Italy,3000.0,-98.999
B,bass,Italy,3093.8,-99.03
B,bass,Italy,3187.5,-98.531
B,bass,Italy,3281.2,-100.169
B,bass,Italy,3375.0,-100.795
B,bass,Italy,3468.8,-101.149
B,bass,Italy,3562.5,-101.051
B,bass,Italy,3656.2,-100.362
B,bass,Italy,3750.0,-101.469
B,bass,Italy,3843.8,-102.344
B,bass,Italy,3937.5,-102.049
B,bass,Italy,4031.2,-103.194
B,bass,Italy,4125.0,-102.23
B,bass,Italy,4218.8,-102.951
B,bass,Italy,4312.5,-103.561
B,bass,Italy,4406.2,-104.671
B,bass,Italy,4500.0,-104.93
B,bass,Italy,4593.8,-105.35
B,bass,Italy,4687.5,-104.872
B,bass,Italy,4781.2,-105.988
B,bass,Italy,4875.0,-106.345
B,bass,Italy,4968.8,-106.561
B,bass,Italy,5062.5,-106.617
B,bass,Italy,5156.2,-106.225
B,bass,Italy,5250.0,-105.708
B,bass,Italy,5343.8,-107.028
B,bass,Italy,5437.5,-107.423
B,bass,Italy,5531.2,-108.488
B,bass,Italy,5625.0,-108.054
B,bass,Italy,5718.8,-107.562
B,bass,Italy,5812.5,-108.029
B,bass,Italy,5906.2,-108.621
B,bass,Italy,6000.0,-109.14
B,bass,Italy,6093.8,-109.551
B,bass,Italy,6187.5,-109.209
B,bass,Italy,6281.2,-108.918
B,bass,Italy,6375.0,-109.772
B,bass,Italy,6468.8,-110.2
B,bass,Italy,6562.5,-110.33
B,bass,Italy,6656.2,-109.897
B,bass,Italy,6750.0,-109.609
B,bass,Italy,6843.8,-109.72
B,bass,Italy,6937.5,-110.139
B,bass,Italy,7031.2,-110.553
B,bass,Italy,7125.0,-111.165
B,bass,Italy,7218.8,-110.916
B,bass,Italy,7312.5,-110.743
B,bass,Italy,7406.2,-110.717
B,bass,Italy,7500.0,-110.949
B,bass,Italy,7593.8,-111.368
B,bass,Italy,7687.5,-112.017
B,bass,Italy,7781.2,-111.425
B,bass,Italy,7875.0,-110.736
B,bass,Italy,7968.8,-111.014
B,bass,Italy,8062.5,-110.461
B,bass,Italy,8156.2,-111.274
B,bass,Italy,8250.0,-111.781
B,bass,Italy,8343.8,-110.868
B,bass,Italy,8437.5,-110.734
B,bass,Italy,8531.2,-111.915
B,bass,Italy,8625.0,-112.623
B,bass,Italy,8718.8,-113.232
B,bass,Italy,8812.5,-113.174
B,bass,Italy,8906.2,-112.541
B,bass,Italy,9000.0,-112.55
B,bass,Italy,9093.8,-112.91
B,bass,Italy,9187.5,-113.217
B,bass,Italy,9281.2,-113.786
B,bass,Italy,9375.0,-112.949
B,bass,Italy,9468.8,-112.681
B,bass,Italy,9562.5,-112.298
B,bass,Italy,9656.2,-109.995
B,bass,Italy,9750.0,-113.283
B,bass,Italy,9843.8,-113.351
B,bass,Italy,9937.5,-114.158
B,bass,Italy,10031.2,-113.899
B,bass,Italy,10125.0,-114.221
B,bass,Italy,10218.8,-114.571
B,bass,Italy,10312.5,-115.242
B,bass,Italy,10406.2,-114.573
B,bass,Italy,10500.0,-113.967
B,bass,Italy,10593.8,-114.919
B,bass,Italy,10687.5,-115.084
B,bass,Italy,10781.2,-115.131
B,bass,Italy,10875.0,-114.684
B,bass,Italy,10968.8,-114.937
B,bass,Italy,11062.5,-115.655
B,bass,Italy,11156.2,-115.587
B,bass,Italy,11250.0,-115.957
B,bass,Italy,11343.8,-116.913
B,bass,Italy,11437.5,-117.218
B,bass,Italy,11531.2,-117.233
B,bass,Italy,11625.0,-117.569
B,bass,Italy,11718.8,-116.913
B,bass,Italy,11812.5,-117.695
B,bass,Italy,11906.2,-117.974
B,bass,Italy,12000.0,-118.838
B,other,Italy,0.0,-74.702
B,other,Italy,93.8,-56.292
B,other,Italy,187.5,-53.738
B,other,Italy,281.2,-53.813
B,other,Italy,375.0,-54.503
B,other,Italy,468.8,-56.103
B,other,Italy,562.5,-58.7
B,other,Italy,656.2,-56.645
B,other,Italy,750.0,-60.455
B,other,Italy,843.8,-61.996
B,other,Italy,937.5,-59.736
B,other,Italy,1031.2,-60.384
B,other,Italy,1125.0,-63.914
B,other,Italy,1218.8,-64.919
B,other,Italy,1312.5,-60.444
B,other,Italy,1406.2,-61.555
B,other,Italy,1500.0,-65.704
B,other,Italy,1593.8,-65.213
B,other,Italy,1687.5,-67.222
B,other,Italy,1781.2,-64.667
B,other,Italy,1875.0,-64.251
B,other,Italy,1968.8,-64.118
B,other,Italy,2062.5,-66.769
B,other,Italy,2156.2,-70.557
B,other,Italy,2250.0,-69.25
B,other,Italy,2343.8,-65.439
B,other,Italy,2437.5,-69.697
B,other,Italy,2531.2,-71.346
B,other,Italy,2625.0,-67.157
B,other,Italy,2718.8,-72.584
B,other,Italy,2812.5,-69.216
B,other,Italy,2906.2,-72.587
B,other,Italy,3000.0,-73.031
B,other,Italy,3093.8,-72.893
B,other,Italy,3187.5,-72.135
B,other,Italy,3281.2,-74.568
B,other,Italy,3375.0,-76.01
B,other,Italy,3468.8,-74.905
B,other,Italy,3562.5,-74.986
B,other,Italy,3656.2,-75.891
B,other,Italy,3750.0,-75.253
B,other,Italy,3843.8,-78.544
B,other,Italy,3937.5,-75.386
B,other,Italy,4031.2,-78.315
B,other,Italy,4125.0,-78.425
B,other,Italy,4218.8,-77.804
B,other,Italy,4312.5,-78.746
B,other,Italy,4406.2,-79.517
B,other,Italy,4500.0,-81.65
B,other,Italy,4593.8,-82.289
B,other,Italy,4687.5,-79.263
B,other,Italy,4781.2,-81.16
B,other,Italy,4875.0,-82.056
B,other,Italy,4968.8,-80.766
B,other,Italy,5062.5,-84.618
B,other,Italy,5156.2,-83.841
B,other,Italy,5250.0,-83.486
B,other,Italy,5343.8,-83.786
B,other,Italy,5437.5,-86.003
B,other,Italy,5531.2,-86.356
B,other,Italy,5625.0,-85.136
B,other,Italy,5718.8,-88.161
B,other,Italy,5812.5,-87.918
B,other,Italy,5906.2,-86.945
B,other,Italy,6000.0,-88.583
B,other,Italy,6093.8,-89.894
B,other,Italy,6187.5,-89.962
B,other,Italy,6281.2,-88.483
B,other,Italy,6375.0,-90.226
B,other,Italy,6468.8,-91.845
B,other,Italy,6562.5,-91.968
B,other,Italy,6656.2,-91.751
B,other,Italy,6750.0,-93.859
B,other,Italy,6843.8,-92.921
B,other,Italy,6937.5,-93.073
B,other,Italy,7031.2,-92.718
B,other,Italy,7125.0,-92.949
B,other,Italy,7218.8,-94.755
B,other,Italy,7312.5,-94.077
B,other,Italy,7406.2,-93.457
B,other,Italy,7500.0,-92.49
B,other,Italy,7593.8,-95.643
B,other,Italy,7687.5,-95.819
B,other,Italy,7781.2,-95.562
B,other,Italy,7875.0,-94.54
B,other,Italy,7968.8,-94.438
B,other,Italy,8062.5,-95.637
B,other,Italy,8156.2,-96.622
B,other,Italy,8250.0,-96.771
B,other,Italy,8343.8,-95.757
B,other,Italy,8437.5,-95.557
B,other,Italy,8531.2,-97.289
B,other,Italy,8625.0,-97.432
B,other,Italy,8718.8,-96.446
B,other,Italy,8812.5,-97.601
B,other,Italy,8906.2,-97.269
B,other,Italy,9000.0,-98.288
B,other,Italy,9093.8,-99.047
B,other,Italy,9187.5,-99.456
B,other,Italy,9281.2,-98.878
B,other,Italy,9375.0,-98.529
B,other,Italy,9468.8,-98.798
B,other,Italy,9562.5,-100.277
B,other,Italy,9656.2,-99.712
B,other,Italy,9750.0,-101.344
B,other,Italy,9843.8,-100.91
B,other,Italy,9937.5,-101.889
B,other,Italy,10031.2,-102.646
B,other,Italy,10125.0,-102.113
B,other,Italy,10218.8,-103.309
B,other,Italy,10312.5,-103.591
B,other,Italy,10406.2,-103.089
B,other,Italy,10500.0,-102.489
B,other,Italy,10593.8,-105.029
B,other,Italy,10687.5,-106.06
B,other,Italy,10781.2,-106.468
B,other,Italy,10875.0,-107.096
B,other,Italy,10968.8,-108.873
B,other,Italy,11062.5,-108.931
B,other,Italy,11156.2,-109.258
B,other,Italy,11250.0,-110.229
B,other,Italy,11343.8,-111.756
B,other,Italy,11437.5,-113.384
B,other,Italy,11531.2,-113.943
B,other,Italy,11625.0,-114.716
B,other,Italy,11718.8,-115.116
B,other,Italy,11812.5,-115.968
B,other,Italy,11906.2,-117.056
B,other,Italy,12000.0,-118.428
